AgencyGroupID,GroupCode,GroupName,GroupHead,ClusterCode,ParentGroupCode,DirectorateCode,Added_by,entry_stamp,last_modified_by,last_modified,DELETED,office_type
1,0,O,"KSRINA ANTONETTE A. AGUDO",NULL,PMS,CO,68,"2019-05-06 14:52:30",3,"2022-10-03 12:32:06",1,3
2,4Ps,"Pantawid-Office of The National Program Manager &","DIR. GEMMA G. GABUYA",,OASSPECPRO,CO,16,"2014-09-12 17:21:34",4,"2022-10-24 16:48:21",0,2
3,4Ps-ASD,"Pantawid-Administrative Support Division","OIC DC. MIZIEL S. PASIA",NULL,4Ps,CO,68,"2016-07-21 11:50:26",68,NULL,0,3
4,4Ps-BDMD,"Pantawid-Beneficiary Data Management Division","OIC DC. ALNAIR I. ESPINOSA",NULL,4Ps,CO,68,"2016-07-21 11:59:33",68,NULL,0,3
5,4Ps-CBD,"Pantawid-Capability Building Division","OIC DC. ARNOLD JARN FORD G. BUIHISAN",NULL,4Ps,CO,68,"2016-07-21 11:46:12",68,NULL,0,3
6,4Ps-CVD,"Pantawid-Compliance Verification Division","CHRISTIAN JOSEPH M. REGUNAY",NULL,4Ps,CO,68,"2016-07-21 11:47:30",68,NULL,0,3
7,4Ps-FDD,"Pantawid-Family Development Division","MARICEL GRACE L.. GOMEZ",NULL,4Ps,CO,68,"2016-07-21 11:42:56",68,NULL,0,3
8,4Ps-GRD,"Pantawid-Grievance Redress Division","MA. ASUNCION DINO BASCO",NULL,4Ps,CO,68,"2016-07-21 12:02:28",68,NULL,0,3
9,4Ps-IPD,"Pantawid-Institutional Partnership Division","OIC DC. KHRISTINA U. UMALI",NULL,4Ps,CO,68,"2016-07-21 15:59:59",68,NULL,0,3
10,4Ps-MCCTD,"Pantawid-Modified Conditional Cash Ttransfer Division","JULIETA DIGMA ALEGARME",NULL,4Ps,CO,68,"2016-07-21 11:45:09",353,"2022-02-02 10:29:01",0,3
11,4Ps-ODPMO,"Pantawid-Office of the Deputy Program Manager for Operation",NULL,NULL,NULL,CO,13,"2022-02-02 11:53:27",14,"2022-02-07 14:13:13",0,2
12,4Ps-ODPMS,"Patawid-Office of the Deputy Program Manager for Support",NULL,NULL,NULL,CO,13,"2022-02-02 12:39:26",NULL,NULL,0,2
13,4Ps-ONPM,"Pantawid-Office of National Program Management",NULL,NULL,NULL,CO,13,"2022-02-02 12:03:16",14,"2022-02-07 14:15:59",1,2
14,4Ps-PMED,"Pantawid-Planning Monitoring and Evaluation Division","OIC-DC JIMMY FRANCIS II T. SCHUCK",NULL,4Ps,CO,68,"2019-02-06 09:29:08",68,NULL,0,3
15,4Ps-RMQAD,"Pantawid-Risk Management and Quality Assurance Division","OIC DC. SABINA P. TABO",NULL,4Ps,CO,68,"2016-07-21 11:56:59",68,NULL,0,3
16,4Ps-SMD,"Pantawid- Tech Marketing Division","OFELIA R. ESCAURIAGA",NULL,4Ps,CO,68,"2016-07-21 11:51:55",68,NULL,0,3
17,4Ps-SSDMD,"Pantawid-Social Services Delivery and Management Division","NELLIBETH V. MERCADO",NULL,4Ps,CO,68,"2016-07-21 11:55:47",13,"2022-02-02 14:44:58",0,3
18,"ALL DSWD-CO","All Heads of Central Office",NULL,NULL,NULL,CO,13,"2022-02-02 13:08:50",14,"2022-03-01 15:31:24",0,3
19,"ALL DSWD-CO-FOs","All Heads of Central Office and Field Offices",NULL,NULL,NULL,CO,13,"2022-02-02 13:07:19",14,"2022-03-01 15:36:54",0,3
20,"ALL DSWD-EXECOM","All EXECOM",NULL,NULL,NULL,CO,13,"2022-02-02 13:14:56",14,"2022-03-01 15:37:55",0,1
21,"ALL DSWD-FOs","All Field Offices",NULL,NULL,NULL,FO,13,"2022-02-02 13:01:44",14,"2022-03-01 15:34:52",0,4
22,"ALL DSWD-MANCOM","All MANCOM",NULL,NULL,NULL,CO,13,"2022-02-02 13:15:31",14,"2022-03-01 15:39:15",0,2
23,AOC,"Agency Operations Center",NULL,NULL,NULL,CO,3,"2021-11-12 15:40:18",NULL,NULL,0,2
24,ARMM-FO-4PS-AS,"FO Pantawid - Administrative Section",NULL,NULL,ARMM-FO-4PS,ARMM,NULL,NULL,NULL,NULL,0,2
25,ARMM-FO-4PS-BDM,"FO Pantawid - Beneficiary Data Management Section",NULL,NULL,ARMM-FO-4PS,ARMM,NULL,NULL,NULL,NULL,0,2
26,ARMM-FO-4PS-CBS,"FO Pantawid - Capability Building Division",NULL,NULL,ARMM-FO-4PS,ARMM,NULL,NULL,NULL,NULL,0,2
27,ARMM-FO-4PS-CVS,"FO Pantawid - Compliance Verification Section",NULL,NULL,ARMM-FO-4PS,ARMM,NULL,NULL,NULL,NULL,0,2
28,ARMM-FO-4PS-FDS,"FO Pantawid - Family Development Section",NULL,NULL,ARMM-FO-4PS,ARMM,NULL,NULL,NULL,NULL,0,2
29,ARMM-FO-4PS-GRS,"FO Pantawid - Grievance Redress Section",NULL,NULL,ARMM-FO-4PS,ARMM,NULL,NULL,NULL,NULL,0,2
30,ARMM-FO-4PS-IPD,"FO Pantawid - Institutional Partnership Section",NULL,NULL,ARMM-FO-4PS,ARMM,NULL,NULL,NULL,NULL,0,2
31,ARMM-FO-4PS-MCCT,"FO Pantawid - Modified Conditional Cash Transfer Section",NULL,NULL,ARMM-FO-4PS,ARMM,NULL,NULL,NULL,NULL,0,2
32,ARMM-FO-4PS-OPS,"FO Pantawid - Operation",NULL,NULL,ARMM-FO-4PS,ARMM,NULL,NULL,NULL,NULL,0,2
33,ARMM-FO-4PS-PMES,"FO Pantawid - Planning and Monitoring and Evaluation Section",NULL,NULL,ARMM-FO-4PS,ARMM,NULL,NULL,NULL,NULL,0,2
34,ARMM-FO-4PS-RPMO,"FO Pantawid Regional Program Management Office",NULL,NULL,ARMM-FO-PROSD,ARMM,NULL,NULL,NULL,NULL,0,2
35,ARMM-FO-4PS-SMU,"FO Pantawid - Social Marketing Unit",NULL,NULL,ARMM-FO-4PS,ARMM,NULL,NULL,NULL,NULL,0,2
36,ARMM-FO-4PS-SSDMS,"FO Pantawid - Social Services Delivery and Management Section",NULL,NULL,ARMM-FO-4PS,ARMM,NULL,NULL,NULL,NULL,0,2
37,ARMM-FO-AD,"FO Administrative Division",NULL,NULL,ARMM-FO-OARDA,ARMM,NULL,NULL,NULL,NULL,0,2
38,ARMM-FO-AD-GSS,"FO General Service Section",NULL,NULL,ARMM-FO-AD,ARMM,NULL,NULL,NULL,NULL,0,2
39,ARMM-FO-AD-PS,"FO Procurement Section",NULL,NULL,ARMM-FO-AD,ARMM,NULL,NULL,NULL,NULL,0,2
40,ARMM-FO-AD-PSS,"FO Property and Supply Section",NULL,NULL,ARMM-FO-AD,ARMM,NULL,NULL,NULL,NULL,0,2
41,ARMM-FO-AD-RAMS,"FO Records Management Section",NULL,NULL,ARMM-FO-AD,ARMM,NULL,NULL,NULL,NULL,0,2
42,ARMM-FO-ALL,"All DSWD Field Office ARMM",NULL,NULL,NULL,ARMM,NULL,NULL,NULL,NULL,0,2
43,ARMM-FO-BAC,"FO Bids and Awards Committee",NULL,NULL,NULL,ARMM,NULL,NULL,NULL,NULL,0,2
44,ARMM-FO-CBS-MTA,"FO Minors Travelling Abroad Office",NULL,NULL,ARMM-FO-PSD-COMBS,ARMM,NULL,NULL,NULL,NULL,0,2
45,ARMM-FO-CBSS-ANVRC,"FO A/NVRC Island Cluster",NULL,NULL,ARMM-FO-PSD-CBSS,ARMM,NULL,NULL,NULL,NULL,0,2
46,ARMM-FO-CBSS-RHGW,"FO Regional Home for Girls and Women",NULL,NULL,ARMM-FO-PSD-CBSS,ARMM,NULL,NULL,NULL,NULL,0,2
47,ARMM-FO-CBSS-RSCC,"FO Reception and Study Center for Children",NULL,NULL,ARMM-FO-PSD-CBSS,ARMM,NULL,NULL,NULL,NULL,0,2
48,ARMM-FO-CBSS-RSCY,"FO Regional Rehabilitation Center for Youth",NULL,NULL,ARMM-FO-PSD-CBSS,ARMM,NULL,NULL,NULL,NULL,0,2
49,ARMM-FO-COA,"FO Commision on Audit",NULL,NULL,NULL,ARMM,NULL,NULL,NULL,NULL,0,2
50,ARMM-FO-COMBS-ARRS,"FO Adoption Resource and Referral Section",NULL,NULL,ARMM-FO-PSD-COMBS,ARMM,NULL,NULL,NULL,NULL,0,2
51,ARMM-FO-COMBS-SFP,"FO Supplementary Feeding Program",NULL,NULL,ARMM-FO-PSD-COMBS,ARMM,NULL,NULL,NULL,NULL,0,2
52,ARMM-FO-COMBS-SPO,"FO Social Pension Office",NULL,NULL,ARMM-FO-PSD-COMBS,ARMM,NULL,NULL,NULL,NULL,0,2
53,ARMM-FO-DRMD,"FO Disaster Response Management Division",NULL,NULL,ARMM-FO-OARDO,ARMM,NULL,NULL,NULL,NULL,0,2
54,ARMM-FO-DRMD-DRIMS,"FO Regional Response & Information Management Section",NULL,NULL,ARMM-FO-DRMD,ARMM,NULL,NULL,NULL,NULL,0,2
55,ARMM-FO-DRMD-DRRMS,"FO Disaster Response Rehabilitation Managment Section",NULL,NULL,ARMM-FO-DRMD,ARMM,NULL,NULL,NULL,NULL,0,2
56,ARMM-FO-DRMD-RROS,"FO Regiona Resource Operation Section",NULL,NULL,ARMM-FO-DRMD,ARMM,NULL,NULL,NULL,NULL,0,2
57,ARMM-FO-FMD,"FO Financial Management Division",NULL,NULL,ARMM-FO-OARDA,ARMM,NULL,NULL,NULL,NULL,0,2
58,ARMM-FO-FMD-AS,"FO Accounting Section",NULL,NULL,ARMM-FO-FMD,ARMM,NULL,NULL,NULL,NULL,0,2
59,ARMM-FO-FMD-BS,"FO Budget Section",NULL,NULL,ARMM-FO-FMD,ARMM,NULL,NULL,NULL,NULL,0,2
60,ARMM-FO-FMD-CS,"FO Cash Section",NULL,NULL,ARMM-FO-FMD,ARMM,NULL,NULL,NULL,NULL,0,2
61,ARMM-FO-HRMDD,"FO Human Resource Management and Development Division",NULL,NULL,ARMM-FO-OARDA,ARMM,NULL,NULL,NULL,NULL,0,2
62,ARMM-FO-HRMDD-HRPPMS,"FO Human Resource Planning and Performance Management Section",NULL,NULL,ARMM-FO-HRMDD,ARMM,NULL,NULL,NULL,NULL,0,2
63,ARMM-FO-HRMDD-HRWS,"FO Human Resource Welfare Section",NULL,NULL,ARMM-FO-HRMDD,ARMM,NULL,NULL,NULL,NULL,0,2
64,ARMM-FO-HRMDD-LDS,"FO Learning and Development Section",NULL,NULL,ARMM-FO-HRMDD,ARMM,NULL,NULL,NULL,NULL,0,2
65,ARMM-FO-HRMDD-PAS,"FO Personal Administration Section",NULL,NULL,ARMM-FO-HRMDD,ARMM,NULL,NULL,NULL,NULL,0,2
66,ARMM-FO-IAU,"FO Internal Audit Unit",NULL,NULL,ARMM-FO-ORD,ARMM,NULL,NULL,NULL,NULL,0,2
67,ARMM-FO-KC,"FO Kalhi-CIDSS PMO",NULL,NULL,ARMM-FO-PROSD,ARMM,NULL,NULL,NULL,NULL,0,2
68,ARMM-FO-LU,"FO Legal Unit",NULL,NULL,ARMM-FO-ORD,ARMM,NULL,NULL,NULL,NULL,0,2
69,ARMM-FO-OARDA,"FO Office of Assistant Regional Director for Administration",NULL,NULL,ARMM-FO-ORD,ARMM,NULL,NULL,NULL,NULL,0,2
70,ARMM-FO-OARDO,"FO Office of Assistant Regional Director for Operation",NULL,NULL,ARMM-FO-ORD,ARMM,NULL,NULL,NULL,NULL,0,2
71,ARMM-FO-ORD,"FO Office of the Regional Director",NULL,NULL,NULL,ARMM,NULL,NULL,NULL,NULL,0,2
72,ARMM-FO-ORD-STU,"FO Social Technology Unit",NULL,NULL,ARMM-FO-ORD,ARMM,NULL,NULL,NULL,NULL,0,2
73,ARMM-FO-PPD,"FO Policy and Plans Division",NULL,NULL,ARMM-FO-ORD,ARMM,NULL,NULL,NULL,NULL,0,2
74,ARMM-FO-PPD-ICT,"FO Information & Planning Communication Technology Section",NULL,NULL,ARMM-FO-ORD,ARMM,NULL,NULL,NULL,NULL,0,2
75,ARMM-FO-PPD-NHTS,"FO National Household Targetting Section",NULL,NULL,ARMM-FO-ORD,ARMM,NULL,NULL,NULL,NULL,0,2
76,ARMM-FO-PPD-PDPS,"FO Policy Development and Planning Section",NULL,NULL,ARMM-FO-PPD,ARMM,NULL,NULL,NULL,NULL,0,2
77,ARMM-FO-PPD-SS,"FO Standard Section",NULL,NULL,ARMM-FO-ORD,ARMM,NULL,NULL,NULL,NULL,0,2
78,ARMM-FO-PPD-UCT,"FO Unconditional Cash Transfer",NULL,NULL,ARMM-FO-PPD,ARMM,NULL,NULL,NULL,NULL,0,2
79,ARMM-FO-PROMSD,"FO Promotive Service Division",NULL,NULL,ARMM-FO-OARDO,ARMM,NULL,NULL,NULL,NULL,0,2
80,ARMM-FO-PROMSD-EPAHP,"FO Enhance Partnership Against Hunger and Poverty",NULL,NULL,ARMM-FO-PROMSD,ARMM,NULL,NULL,NULL,NULL,0,2
81,ARMM-FO-PROMSD-SLP,"FO Sustainable Livelihood Program PMO",NULL,NULL,ARMM-FO-PROSD,ARMM,NULL,NULL,NULL,NULL,0,2
82,ARMM-FO-PSD,"FO Protective Service Division",NULL,NULL,ARMM-FO-OARDO,ARMM,NULL,NULL,NULL,NULL,0,2
83,ARMM-FO-PSD-CBS,"FO Capacity Building Section",NULL,NULL,ARMM-FO-PSD,ARMM,NULL,NULL,NULL,NULL,0,2
84,ARMM-FO-PSD-CBSS,"FO Center Based Services Section",NULL,NULL,ARMM-FO-PSD,ARMM,NULL,NULL,NULL,NULL,0,2
85,ARMM-FO-PSD-CIS,"FO Crisis Intervention Section",NULL,NULL,ARMM-FO-PSD,ARMM,NULL,NULL,NULL,NULL,0,2
86,ARMM-FO-PSD-COMBS,"FO Community Based Services Section",NULL,NULL,ARMM-FO-PSD,ARMM,NULL,NULL,NULL,NULL,0,2
87,ARMM-FO-SMU,"FO Social Marketing Unit",NULL,NULL,ARMM-FO-ORD,ARMM,NULL,NULL,NULL,NULL,0,2
88,AS,"Administrative Service",NULL,,OASADMIN,CO,16,"2014-09-12 16:55:04",335,"2022-02-02 13:18:30",0,2
89,AS-BGMD,"Administrative Service-Building and Grounds Management Division","OIC DC. ALFREDO C. EVANGELISTA",NULL,AS,CO,68,"2019-05-04 14:27:58",68,NULL,0,3
90,AS-GSD,"Administrative Service-General Service Division","OIC DC. EMYLOU P. MIRAVALLES",NULL,AS,CO,16,"2014-09-12 16:55:51",68,NULL,0,3
91,AS-PMD,"Administrative Service - Procurement Management Division","OIC DIR. KARINA ANTONETTE A. AGUDO",NULL,OUSGASS,CO,68,"2019-05-06 14:49:22",14,"2022-02-09 10:42:30",0,2
92,AS-PSAMD,"Administrative Service-Property Supply and Assets Management Division","MONETTE B. CADIANG",NULL,AS,CO,16,"2014-09-12 16:55:31",13,"2022-02-02 11:36:18",0,3
93,AS-RAMD,"Administrative Service-Records and Archives Management Division","OIC DC. MYRNA H. REYES",NULL,AS,CO,68,"2019-05-04 14:33:14",68,NULL,0,3
94,BAC,"Bids And Awards Committee (BAC) Secretariat ","OIC DC. OLIVA C. ARCAINA",NULL,PMS,CO,68,"2019-05-06 14:50:37",14,"2022-02-22 07:58:37",0,3
95,BangUn,"BangUn Project","USEC. MARK ALLAN JAY G. YAMBAO",NULL,OUSSP,CO,68,"2018-07-16 14:55:53",14,"2022-02-24 09:46:53",0,2
96,CAR-FO-4PS-AS,"FO Pantawid - Administrative Section",NULL,NULL,CAR-FO-4PS,CAR,NULL,NULL,NULL,NULL,0,2
97,CAR-FO-4PS-BDM,"FO Pantawid - Beneficiary Data Management Section",NULL,NULL,CAR-FO-4PS,CAR,NULL,NULL,NULL,NULL,0,2
98,CAR-FO-4PS-CBS,"FO Pantawid - Capability Building Division",NULL,NULL,CAR-FO-4PS,CAR,NULL,NULL,NULL,NULL,0,2
99,CAR-FO-4PS-CVS,"FO Pantawid - Compliance Verification Section",NULL,NULL,CAR-FO-4PS,CAR,NULL,NULL,NULL,NULL,0,2
100,CAR-FO-4PS-FDS,"FO Pantawid - Family Development Section",NULL,NULL,CAR-FO-4PS,CAR,NULL,NULL,NULL,NULL,0,2
101,CAR-FO-4PS-GRS,"FO Pantawid - Grievance Redress Section",NULL,NULL,CAR-FO-4PS,CAR,NULL,NULL,NULL,NULL,0,2
102,CAR-FO-4PS-IPD,"FO Pantawid - Institutional Partnership Section",NULL,NULL,CAR-FO-4PS,CAR,NULL,NULL,NULL,NULL,0,2
103,CAR-FO-4PS-MCCT,"FO Pantawid - Modified Conditional Cash Transfer Section",NULL,NULL,CAR-FO-4PS,CAR,NULL,NULL,NULL,NULL,0,2
104,CAR-FO-4PS-OPS,"FO Pantawid - Operation",NULL,NULL,CAR-FO-4PS,CAR,NULL,NULL,NULL,NULL,0,2
105,CAR-FO-4PS-PMES,"FO Pantawid - Planning and Monitoring and Evaluation Section",NULL,NULL,CAR-FO-4PS,CAR,NULL,NULL,NULL,NULL,0,2
106,CAR-FO-4PS-RPMO,"FO Pantawid Regional Program Management Office",NULL,NULL,CAR-FO-PROSD,CAR,NULL,NULL,NULL,NULL,0,2
107,CAR-FO-4PS-SMU,"FO Pantawid - Social Marketing Unit",NULL,NULL,CAR-FO-4PS,CAR,NULL,NULL,NULL,NULL,0,2
108,CAR-FO-4PS-SSDMS,"FO Pantawid - Social Services Delivery and Management Section",NULL,NULL,CAR-FO-4PS,CAR,NULL,NULL,NULL,NULL,0,2
109,CAR-FO-AD,"FO Administrative Division",NULL,NULL,CAR-FO-OARDA,CAR,NULL,NULL,NULL,NULL,0,2
110,CAR-FO-AD-GSS,"FO General Service Section",NULL,NULL,CAR-FO-AD,CAR,NULL,NULL,NULL,NULL,0,2
111,CAR-FO-AD-PS,"FO Procurement Section",NULL,NULL,CAR-FO-AD,CAR,NULL,NULL,NULL,NULL,0,2
112,CAR-FO-AD-PSS,"FO Property and Supply Section",NULL,NULL,CAR-FO-AD,CAR,NULL,NULL,NULL,NULL,0,2
113,CAR-FO-AD-RAMS,"FO Records Management Section",NULL,NULL,CAR-FO-AD,CAR,NULL,NULL,NULL,NULL,0,2
114,CAR-FO-ALL,"All DSWD Field Office CAR",NULL,NULL,NULL,CAR,NULL,NULL,NULL,NULL,0,2
115,CAR-FO-BAC,"FO Bids and Awards Committee",NULL,NULL,NULL,CAR,NULL,NULL,NULL,NULL,0,2
116,CAR-FO-CBS-MTA,"FO Minors Travelling Abroad Office",NULL,NULL,CAR-FO-PSD-COMBS,CAR,NULL,NULL,NULL,NULL,0,2
117,CAR-FO-CBS-SPO,"FO Social Pension Office",NULL,NULL,CAR-FO-PSD-COMBS,CAR,NULL,NULL,NULL,NULL,0,2
118,CAR-FO-CBSS-ANVRC,"FO A/NVRC Island Cluster",NULL,NULL,CAR-FO-PSD-CBSS,CAR,NULL,NULL,NULL,NULL,0,2
119,CAR-FO-CBSS-RHGW,"FO Regional Home for Girls and Women",NULL,NULL,CAR-FO-PSD-CBSS,CAR,NULL,NULL,NULL,NULL,0,2
120,CAR-FO-CBSS-RSCC,"FO Reception and Study Center for Children",NULL,NULL,CAR-FO-PSD-CBSS,CAR,NULL,NULL,NULL,NULL,0,2
121,CAR-FO-CBSS-RSCY,"FO Regional Rehabilitation Center for Youth",NULL,NULL,CAR-FO-PSD-CBSS,CAR,NULL,NULL,NULL,NULL,0,2
122,CAR-FO-COA,"FO Commision on Audit",NULL,NULL,NULL,CAR,NULL,NULL,NULL,NULL,0,2
123,CAR-FO-COMBS-ARRS,"FO Adoption Resource and Referral Section",NULL,NULL,CAR-FO-PSD-COMBS,CAR,NULL,NULL,NULL,NULL,0,2
124,CAR-FO-COMBS-SFP,"FO Supplementary Feeding Program",NULL,NULL,CAR-FO-PSD-COMBS,CAR,NULL,NULL,NULL,NULL,0,2
125,CAR-FO-DRMD,"FO Disaster Response Management Division",NULL,NULL,CAR-FO-OARDO,CAR,NULL,NULL,NULL,NULL,0,2
126,CAR-FO-DRMD-DRIMS,"FO Regional Response & Information Management Section",NULL,NULL,CAR-FO-DRMD,CAR,NULL,NULL,NULL,NULL,0,2
127,CAR-FO-DRMD-DRRMS,"FO Disaster Response Rehabilitation Managment Section",NULL,NULL,CAR-FO-DRMD,CAR,NULL,NULL,NULL,NULL,0,2
128,CAR-FO-DRMD-RROS,"FO Regiona Resource Operation Section",NULL,NULL,CAR-FO-DRMD,CAR,NULL,NULL,NULL,NULL,0,2
129,CAR-FO-FMD,"FO Financial Management Division",NULL,NULL,CAR-FO-OARDA,CAR,NULL,NULL,NULL,NULL,0,2
130,CAR-FO-FMD-AS,"FO Accounting Section",NULL,NULL,CAR-FO-FMD,CAR,NULL,NULL,NULL,NULL,0,2
131,CAR-FO-FMD-BS,"FO Budget Section",NULL,NULL,CAR-FO-FMD,CAR,NULL,NULL,NULL,NULL,0,2
132,CAR-FO-FMD-CS,"FO Cash Section",NULL,NULL,CAR-FO-FMD,CAR,NULL,NULL,NULL,NULL,0,2
133,CAR-FO-HRMDD,"FO Human Resource Management and Development Division",NULL,NULL,CAR-FO-OARDA,CAR,NULL,NULL,NULL,NULL,0,2
134,CAR-FO-HRMDD-HRPPMS,"FO Human Resource Planning and Performance Management Section",NULL,NULL,CAR-FO-HRMDD,CAR,NULL,NULL,NULL,NULL,0,2
135,CAR-FO-HRMDD-HRWS,"FO Human Resource Welfare Section",NULL,NULL,CAR-FO-HRMDD,CAR,NULL,NULL,NULL,NULL,0,2
136,CAR-FO-HRMDD-LDS,"FO Learning and Development Section",NULL,NULL,CAR-FO-HRMDD,CAR,NULL,NULL,NULL,NULL,0,2
137,CAR-FO-HRMDD-PAS,"FO Personal Administration Section",NULL,NULL,CAR-FO-HRMDD,CAR,NULL,NULL,NULL,NULL,0,2
138,CAR-FO-IAU,"FO Internal Audit Unit",NULL,NULL,CAR-FO-ORD,CAR,NULL,NULL,NULL,NULL,0,2
139,CAR-FO-KC,"FO Kalhi-CIDSS PMO",NULL,NULL,CAR-FO-PROSD,CAR,NULL,NULL,NULL,NULL,0,2
140,CAR-FO-LU,"FO Legal Unit",NULL,NULL,CAR-FO-ORD,CAR,NULL,NULL,NULL,NULL,0,2
141,CAR-FO-OARDA,"FO Office of Assistant Regional Director for Administration",NULL,NULL,CAR-FO-ORD,CAR,NULL,NULL,NULL,NULL,0,2
142,CAR-FO-OARDO,"FO Office of Assistant Regional Director for Operation",NULL,NULL,CAR-FO-ORD,CAR,NULL,NULL,NULL,NULL,0,2
143,CAR-FO-ORD,"FO Office of the Regional Director",NULL,NULL,NULL,CAR,NULL,NULL,NULL,NULL,0,2
144,CAR-FO-ORD-STU,"FO Social Technology Unit",NULL,NULL,CAR-FO-ORD,CAR,NULL,NULL,NULL,NULL,0,2
145,CAR-FO-PPD,"FO Policy and Plans Division",NULL,NULL,CAR-FO-ORD,CAR,NULL,NULL,NULL,NULL,0,2
146,CAR-FO-ICTMSx,"FO Information & Planning Communication Technology Section",NULL,NULL,CAR-FO-ORD,CAR,NULL,NULL,3,"2022-10-24 16:41:47",0,2
147,CAR-FO-PPD-NHTS,"FO National Household Targetting Section",NULL,NULL,CAR-FO-ORD,CAR,NULL,NULL,NULL,NULL,0,2
148,CAR-FO-PPD-PDPS,"FO Policy Development and Planning Section",NULL,NULL,CAR-FO-PPD,CAR,NULL,NULL,NULL,NULL,0,2
149,CAR-FO-PPD-SS,"FO Standard Section",NULL,NULL,CAR-FO-ORD,CAR,NULL,NULL,NULL,NULL,0,2
150,CAR-FO-PPD-UCT,"FO Unconditional Cash Transfer",NULL,NULL,CAR-FO-PPD,CAR,NULL,NULL,NULL,NULL,0,2
151,CAR-FO-PROMSD,"FO Promotive Service Division",NULL,NULL,CAR-FO-OARDO,CAR,NULL,NULL,NULL,NULL,0,2
152,CAR-FO-PROMSD-EPAHP,"FO Enhance Partnership Against Hunger and Poverty",NULL,NULL,CAR-FO-PROMSD,CAR,NULL,NULL,NULL,NULL,0,2
153,CAR-FO-PROMSD-SLP,"FO Sustainable Livelihood Program PMO",NULL,NULL,CAR-FO-PROSD,CAR,NULL,NULL,NULL,NULL,0,2
154,CAR-FO-PSD,"FO Protective Service Division",NULL,NULL,CAR-FO-OARDO,CAR,NULL,NULL,NULL,NULL,0,2
155,CAR-FO-PSD-CBS,"FO Capacity Building Section",NULL,NULL,CAR-FO-PSD,CAR,NULL,NULL,NULL,NULL,0,2
156,CAR-FO-PSD-CBSS,"FO Center Based Services Section",NULL,NULL,CAR-FO-PSD,CAR,NULL,NULL,NULL,NULL,0,2
157,CAR-FO-PSD-CIS,"FO Crisis Intervention Section",NULL,NULL,CAR-FO-PSD,CAR,NULL,NULL,NULL,NULL,0,2
158,CAR-FO-PSD-COMBS,"FO Community Based Services Section",NULL,NULL,CAR-FO-PSD,CAR,NULL,NULL,NULL,NULL,0,2
159,CAR-FO-SMU,"FO Social Marketing Unit",NULL,NULL,CAR-FO-ORD,CAR,NULL,NULL,NULL,NULL,0,2
160,CARAGA-FO-4PS-AS,"FO Pantawid - Administrative Section",NULL,NULL,CARAGA-FO-4PS,CARAGA,NULL,NULL,NULL,NULL,0,2
161,CARAGA-FO-4PS-BDM,"FO Pantawid - Beneficiary Data Management Section",NULL,NULL,CARAGA-FO-4PS,CARAGA,NULL,NULL,NULL,NULL,0,2
162,CARAGA-FO-4PS-CBS,"FO Pantawid - Capability Building Division",NULL,NULL,CARAGA-FO-4PS,CARAGA,NULL,NULL,NULL,NULL,0,2
163,CARAGA-FO-4PS-CVS,"FO Pantawid - Compliance Verification Section",NULL,NULL,CARAGA-FO-4PS,CARAGA,NULL,NULL,NULL,NULL,0,2
164,CARAGA-FO-4PS-FDS,"FO Pantawid - Family Development Section",NULL,NULL,CARAGA-FO-4PS,CARAGA,NULL,NULL,NULL,NULL,0,2
165,CARAGA-FO-4PS-GRS,"FO Pantawid - Grievance Redress Section",NULL,NULL,CARAGA-FO-4PS,CARAGA,NULL,NULL,NULL,NULL,0,2
166,CARAGA-FO-4PS-IPD,"FO Pantawid - Institutional Partnership Section",NULL,NULL,CARAGA-FO-4PS,CARAGA,NULL,NULL,NULL,NULL,0,2
167,CARAGA-FO-4PS-MCCT,"FO Pantawid - Modified Conditional Cash Transfer Section",NULL,NULL,CARAGA-FO-4PS,CARAGA,NULL,NULL,NULL,NULL,0,2
168,CARAGA-FO-4PS-OPS,"FO Pantawid - Operation",NULL,NULL,CARAGA-FO-4PS,CARAGA,NULL,NULL,NULL,NULL,0,2
169,CARAGA-FO-4PS-PMES,"FO Pantawid - Planning and Monitoring and Evaluation Section",NULL,NULL,CARAGA-FO-4PS,CARAGA,NULL,NULL,NULL,NULL,0,2
170,CARAGA-FO-4PS-RPMO,"FO Pantawid Regional Program Management Office",NULL,NULL,CARAGA-FO-PROSD,CARAGA,NULL,NULL,NULL,NULL,0,2
171,CARAGA-FO-4PS-SMU,"FO Pantawid - Social Marketing Unit",NULL,NULL,CARAGA-FO-4PS,CARAGA,NULL,NULL,NULL,NULL,0,2
172,CARAGA-FO-4PS-SSDMS,"FO Pantawid - Social Services Delivery and Management Section",NULL,NULL,CARAGA-FO-4PS,CARAGA,NULL,NULL,NULL,NULL,0,2
173,CARAGA-FO-AD,"FO Administrative Division",NULL,NULL,CARAGA-FO-OARDA,CARAGA,NULL,NULL,NULL,NULL,0,2
174,CARAGA-FO-AD-GSS,"FO General Service Section",NULL,NULL,CARAGA-FO-AD,CARAGA,NULL,NULL,NULL,NULL,0,2
175,CARAGA-FO-AD-PS,"FO Procurement Section",NULL,NULL,CARAGA-FO-AD,CARAGA,NULL,NULL,NULL,NULL,0,2
176,CARAGA-FO-AD-PSS,"FO Property and Supply Section",NULL,NULL,CARAGA-FO-AD,CARAGA,NULL,NULL,NULL,NULL,0,2
177,CARAGA-FO-AD-RAMS,"FO Records Management Section",NULL,NULL,CARAGA-FO-AD,CARAGA,NULL,NULL,NULL,NULL,0,2
178,CARAGA-FO-ALL,"All DSWD Field Office CARAGA",NULL,NULL,NULL,CARAGA,NULL,NULL,NULL,NULL,0,2
179,CARAGA-FO-BAC,"FO Bids and Awards Committee",NULL,NULL,NULL,CARAGA,NULL,NULL,NULL,NULL,0,2
180,CARAGA-FO-CBS-MTA,"FO Minors Travelling Abroad Office",NULL,NULL,CARAGA-FO-PSD-COMBS,CARAGA,NULL,NULL,NULL,NULL,0,2
181,CARAGA-FO-CBSS-ANVRC,"FO A/NVRC Island Cluster",NULL,NULL,CARAGA-FO-PSD-CBSS,CARAGA,NULL,NULL,NULL,NULL,0,2
182,CARAGA-FO-CBSS-RHGW,"FO Regional Home for Girls and Women",NULL,NULL,CARAGA-FO-PSD-CBSS,CARAGA,NULL,NULL,NULL,NULL,0,2
183,CARAGA-FO-CBSS-RSCC,"FO Reception and Study Center for Children",NULL,NULL,CARAGA-FO-PSD-CBSS,CARAGA,NULL,NULL,NULL,NULL,0,2
184,CARAGA-FO-CBSS-RSCY,"FO Regional Rehabilitation Center for Youth",NULL,NULL,CARAGA-FO-PSD-CBSS,CARAGA,NULL,NULL,NULL,NULL,0,2
185,CARAGA-FO-COA,"FO Commision on Audit",NULL,NULL,NULL,CARAGA,NULL,NULL,NULL,NULL,0,2
186,CARAGA-FO-COMBS-ARRS,"FO Adoption Resource and Referral Section",NULL,NULL,CARAGA-FO-PSD-COMBS,CARAGA,NULL,NULL,NULL,NULL,0,2
187,CARAGA-FO-COMBS-SFP,"FO Supplementary Feeding Program",NULL,NULL,CARAGA-FO-PSD-COMBS,CARAGA,NULL,NULL,NULL,NULL,0,2
188,CARAGA-FO-COMBS-SPO,"FO Social Pension Office",NULL,NULL,CARAGA-FO-PSD-COMBS,CARAGA,NULL,NULL,NULL,NULL,0,2
189,CARAGA-FO-DRMD,"FO Disaster Response Management Division",NULL,NULL,CARAGA-FO-OARDO,CARAGA,NULL,NULL,NULL,NULL,0,2
190,CARAGA-FO-DRMD-DRIMS,"FO Regional Response & Information Management Section",NULL,NULL,CARAGA-FO-DRMD,CARAGA,NULL,NULL,NULL,NULL,0,2
191,CARAGA-FO-DRMD-DRRMS,"FO Disaster Response Rehabilitation Managment Section",NULL,NULL,CARAGA-FO-DRMD,CARAGA,NULL,NULL,NULL,NULL,0,2
192,CARAGA-FO-DRMD-RROS,"FO Regiona Resource Operation Section",NULL,NULL,CARAGA-FO-DRMD,CARAGA,NULL,NULL,NULL,NULL,0,2
193,CARAGA-FO-FMD,"FO Financial Management Division",NULL,NULL,CARAGA-FO-OARDA,CARAGA,NULL,NULL,NULL,NULL,0,2
194,CARAGA-FO-FMD-AS,"FO Accounting Section",NULL,NULL,CARAGA-FO-FMD,CARAGA,NULL,NULL,NULL,NULL,0,2
195,CARAGA-FO-FMD-BS,"FO Budget Section",NULL,NULL,CARAGA-FO-FMD,CARAGA,NULL,NULL,NULL,NULL,0,2
196,CARAGA-FO-FMD-CS,"FO Cash Section",NULL,NULL,CARAGA-FO-FMD,CARAGA,NULL,NULL,NULL,NULL,0,2
197,CARAGA-FO-HRMDD,"FO Human Resource Management and Development Division",NULL,NULL,CARAGA-FO-OARDA,CARAGA,NULL,NULL,NULL,NULL,0,2
198,CARAGA-FO-HRMDD-HRPPMS,"FO Human Resource Planning and Performance Management Section",NULL,NULL,CARAGA-FO-HRMDD,CARAGA,NULL,NULL,NULL,NULL,0,2
199,CARAGA-FO-HRMDD-HRWS,"FO Human Resource Welfare Section",NULL,NULL,CARAGA-FO-HRMDD,CARAGA,NULL,NULL,NULL,NULL,0,2
200,CARAGA-FO-HRMDD-LDS,"FO Learning and Development Section",NULL,NULL,CARAGA-FO-HRMDD,CARAGA,NULL,NULL,NULL,NULL,0,2
201,CARAGA-FO-HRMDD-PAS,"FO Personal Administration Section",NULL,NULL,CARAGA-FO-HRMDD,CARAGA,NULL,NULL,NULL,NULL,0,2
202,CARAGA-FO-IAU,"FO Internal Audit Unit",NULL,NULL,CARAGA-FO-ORD,CARAGA,NULL,NULL,NULL,NULL,0,2
203,CARAGA-FO-KC,"FO Kalhi-CIDSS PMO",NULL,NULL,CARAGA-FO-PROSD,CARAGA,NULL,NULL,NULL,NULL,0,2
204,CARAGA-FO-LU,"FO Legal Unit",NULL,NULL,CARAGA-FO-ORD,CARAGA,NULL,NULL,NULL,NULL,0,2
205,CARAGA-FO-OARDA,"FO Office of Assistant Regional Director for Administration",NULL,NULL,CARAGA-FO-ORD,CARAGA,NULL,NULL,NULL,NULL,0,2
206,CARAGA-FO-OARDO,"FO Office of Assistant Regional Director for Operation",NULL,NULL,CARAGA-FO-ORD,CARAGA,NULL,NULL,NULL,NULL,0,2
207,CARAGA-FO-ORD,"FO Office of the Regional Director",NULL,NULL,NULL,CARAGA,NULL,NULL,NULL,NULL,0,2
208,CARAGA-FO-ORD-STU,"FO Social Technology Unit",NULL,NULL,CARAGA-FO-ORD,CARAGA,NULL,NULL,NULL,NULL,0,2
209,CARAGA-FO-PPD,"FO Policy and Plans Division",NULL,NULL,CARAGA-FO-ORD,CARAGA,NULL,NULL,NULL,NULL,0,2
210,CARAGA-FO-PPD-ICT,"FO Information & Planning Communication Technology Section",NULL,NULL,CARAGA-FO-ORD,CARAGA,NULL,NULL,NULL,NULL,0,2
211,CARAGA-FO-PPD-NHTS,"FO National Household Targetting Section",NULL,NULL,CARAGA-FO-ORD,CARAGA,NULL,NULL,NULL,NULL,0,2
212,CARAGA-FO-PPD-PDPS,"FO Policy Development and Planning Section",NULL,NULL,CARAGA-FO-PPD,CARAGA,NULL,NULL,NULL,NULL,0,2
213,CARAGA-FO-PPD-SS,"FO Standard Section",NULL,NULL,CARAGA-FO-ORD,CARAGA,NULL,NULL,NULL,NULL,0,2
214,CARAGA-FO-PPD-UCT,"FO Unconditional Cash Transfer",NULL,NULL,CARAGA-FO-PPD,CARAGA,NULL,NULL,NULL,NULL,0,2
215,CARAGA-FO-PROMSD,"FO Promotive Service Division",NULL,NULL,CARAGA-FO-OARDO,CARAGA,NULL,NULL,NULL,NULL,0,2
216,CARAGA-FO-PROMSD-EPAHP,"FO Enhance Partnership Against Hunger and Poverty",NULL,NULL,CARAGA-FO-PROMSD,CARAGA,NULL,NULL,NULL,NULL,0,2
217,CARAGA-FO-PROMSD-SLP,"FO Sustainable Livelihood Program PMO",NULL,NULL,CARAGA-FO-PROSD,CARAGA,NULL,NULL,NULL,NULL,0,2
218,CARAGA-FO-PSD,"FO Protective Service Division",NULL,NULL,CARAGA-FO-OARDO,CARAGA,NULL,NULL,NULL,NULL,0,2
219,CARAGA-FO-PSD-CBS,"FO Capacity Building Section",NULL,NULL,CARAGA-FO-PSD,CARAGA,NULL,NULL,NULL,NULL,0,2
220,CARAGA-FO-PSD-CBSS,"FO Center Based Services Section",NULL,NULL,CARAGA-FO-PSD,CARAGA,NULL,NULL,NULL,NULL,0,2
221,CARAGA-FO-PSD-CIS,"FO Crisis Intervention Section",NULL,NULL,CARAGA-FO-PSD,CARAGA,NULL,NULL,NULL,NULL,0,2
222,CARAGA-FO-PSD-COMBS,"FO Community Based Services Section",NULL,NULL,CARAGA-FO-PSD,CARAGA,NULL,NULL,NULL,NULL,0,2
223,CARAGA-FO-SMU,"FO Social Marketing Unit",NULL,NULL,CARAGA-FO-ORD,CARAGA,NULL,NULL,NULL,NULL,0,2
224,CART,"Committee on Anti-Red Tape ",NULL,NULL,NULL,CO,14,"2022-02-07 15:41:19",14,"2022-02-07 15:42:40",0,2
225,COA,"Commission on Audit","DIR. WAYNE D. BELIZAR",NULL,COA,CO,NULL,NULL,68,NULL,0,NULL
226,DLLO,"Department Legislative Liaison Office","OIC-DC. BELMA M. VILLALUNA",NULL,OUSPP,CO,55,"2014-11-10 10:48:45",68,NULL,0,NULL
227,DLLO-LC,"Department Legislative Liaison Office-Legislative Coordination","OIC-DC. BELMA M. VILLALUNA",NULL,DLLO,CO,68,"2019-05-04 15:07:22",68,NULL,0,NULL
228,DRMB,"Disaster Response Management Bureau","DIR. CLIFFORD CYRIL Y. RIVERAL",NULL,OASDRM,CO,68,"2018-07-31 18:14:24",68,NULL,0,2
229,DRMB-DOSD,"Disaster Response Management Bureau-Disaster Operations Support Division","OIC DC. NORMA L. BELLEN",NULL,DRMB,CO,68,"2019-05-04 15:20:32",68,NULL,0,3
230,DRMB-DROMD,"Disaster Response Management Bureau-Disaster Response Operations Management Division","OIC DC. ESTHER L. GERALDOY",NULL,DRMB,CO,68,"2019-05-04 15:24:07",68,NULL,0,3
231,DRMB-DROMIC,"Disaster Response Management Bureau-Disaster Response Operations Monitoring and Information Center","MARICEL C. DELORIA",NULL,DRMB,CO,68,"2019-05-04 15:31:03",68,NULL,0,3
232,DRMB-ERSD,"Disaster Response Management Bureau-Early Recovery Services Division","OIC DC. HONESTO S. PARDO",NULL,DRMB,CO,68,"2019-05-04 15:33:16",68,NULL,0,3
233,DRMB-PRD,"Disaster Response Management Bureau-Preparedness for Response Division","OIC DC. IMEE ROSE S. CASTILLO",NULL,DRMB,CO,68,"2019-05-04 15:35:56",68,NULL,0,3
234,DSWD-CO,DSWD-CO,NULL,NULL,NULL,CO,4,"2022-06-21 15:33:21",NULL,NULL,0,4
235,EPAHP,"Enhanced Partnership Against Hunger and Poverty",0,NULL,NULL,CO,68,"2015-08-01 08:05:46",14,"2022-02-07 09:39:56",0,2
236,EXT,External,NULL,NULL,NULL,CO,3,"2021-09-20 10:19:26",4,"2022-05-02 14:23:38",0,5
237,EXT-2,"External 2",NULL,NULL,NULL,CO,3,"2021-08-24 16:33:38",4,"2022-05-02 14:24:04",0,5
238,FMS,"Finance and Management Service","DIR. WAYNE DC. BELIZAR",NULL,OUSGASS,CO,16,"2014-09-12 16:53:33",68,NULL,0,2
239,FMS-ADRP,"Finance and Management Service-Accounting Division for Regular Programs","OIC DC. DOLORES G. BUMANLAG",NULL,FMS,CO,68,"2019-05-04 16:03:59",14,"2022-02-24 08:04:10",0,3
240,FMS-ADSP,"Finance and Management Service-Accounting Division for Special Projects","OIC DC. ODESSA T. VILLACERAN",NULL,FMS,CO,68,"2019-05-04 16:05:30",14,"2022-02-24 08:03:37",0,3
241,FMS-BDRP,"Finance and Management Service-Budget Division for Regular Programs","MERIEL P. CASTILLO",NULL,FMS,CO,68,"2019-05-04 16:15:32",14,"2022-02-24 08:04:47",0,3
242,FMS-BDSP,"Finance and Management Service-Budget Division for Special Projects","OIC DC. JANINE C. COSINO",NULL,FMS,CO,68,"2019-05-04 16:16:25",14,"2022-02-24 08:05:03",0,3
243,FMS-CDRP,"Finance and Management Service-Cash Division for Regular Programs","GRACE ANN S. NISPEROS",NULL,FMS,CO,68,"2019-05-04 16:20:20",14,"2022-02-24 08:05:23",0,3
244,FMS-CDSP,"Finance and Management Service-Cash Division for Special Projects (Grants)","MARY ANTOINETTE L. DUERO",NULL,FMS,CO,68,"2019-05-04 16:19:13",14,"2022-02-24 08:05:38",0,3
245,FMS-MD,"Finance and Management Service-Management Division","OIC-DC. ROLANDO D.  VILLACORTA",NULL,FMS,CO,68,"2019-05-04 16:22:40",68,NULL,0,3
246,FMS-SP,"Finance and Management Service-Special Projects",NULL,NULL,FMS,CO,68,"2019-10-04 15:35:42",14,"2022-02-24 08:02:32",0,2
247,"FO ARMM","ARMM [Autonomous Region in Muslim Mindanao]",NULL,NULL,NULL,ARMM,NULL,NULL,4,"2022-05-02 14:14:52",0,4
248,"FO CAR","CAR [Cordillera Administrative Region]",NULL,NULL,NULL,CAR,NULL,NULL,4,"2022-05-02 14:13:57",0,4
249,"FO CARAGA","REGION XIII [Caraga]",NULL,NULL,NULL,CARAGA,NULL,NULL,4,"2022-05-02 14:14:08",0,4
250,"FO EXTERNAL","External Office",NULL,NULL,NULL,CO,3,"2021-08-24 14:54:19",4,"2022-05-02 14:25:41",0,5
251,"FO I","REGION I [Ilocos Region]",NULL,NULL,NULL,I,NULL,NULL,4,"2022-05-02 14:14:34",0,4
252,"FO II","REGION II [Cagayan Valley]",NULL,NULL,NULL,II,NULL,NULL,4,"2022-05-02 14:15:13",0,4
253,"FO III","REGION III [Central Luzon]",NULL,NULL,NULL,III,NULL,NULL,4,"2022-05-02 14:15:25",0,4
254,"FO IV-A","REGION IV-A [CALABARZON]",NULL,NULL,NULL,IV-A,NULL,NULL,4,"2022-05-02 14:12:18",0,4
255,"FO IV-B","REGION IV-B [MIMAROPA]",NULL,NULL,NULL,IV-B,NULL,NULL,4,"2022-05-02 14:15:37",0,4
256,"FO IX","REGION IX [Zamboanga Peninsula]",NULL,NULL,NULL,IX,NULL,NULL,4,"2022-05-02 14:15:53",0,4
257,"FO NCR","NCR [National Capital Region]",NULL,NULL,NULL,NCR,NULL,NULL,4,"2022-05-02 14:22:22",0,4
258,"FO V","REGION V [Bicol Region]",NULL,NULL,NULL,V,NULL,NULL,4,"2022-05-02 14:24:14",0,4
259,"FO VI","REGION VI [Western Visayas]",NULL,NULL,NULL,VI,NULL,NULL,4,"2022-05-02 14:24:23",0,4
260,"FO VII","REGION VII [Central Visayas]",NULL,NULL,NULL,VII,NULL,NULL,4,"2022-05-02 14:24:48",0,4
261,"FO VIII","REGION VIII [Eastern Visayas]",NULL,NULL,NULL,VIII,NULL,NULL,4,"2022-05-02 14:24:57",0,4
262,"FO X","REGION X [Northern Mindanao]",NULL,NULL,NULL,X,NULL,NULL,4,"2022-05-02 14:25:06",0,4
263,"FO XI","REGION XI [Davao Region]",NULL,NULL,NULL,XI,NULL,NULL,4,"2022-05-02 14:25:15",0,4
264,"FO XII","REGION XII [Soccsksargen]",NULL,NULL,NULL,XII,NULL,NULL,4,"2022-05-02 14:24:34",0,4
265,FO-4Ps,"Pantawid-Office Of The National Program Manager","DIR. GEMMA G. GABUYA",,OASSPECPRO,FOO,16,"2014-09-12 17:21:34",68,NULL,0,2
266,FO-AS,"Administrative Service",NULL,,OASADMIN,FOO,16,"2014-09-12 16:55:04",68,NULL,0,2
267,FO-DRMB,"Disaster Response Management Bureau","DIR. CLIFFORD CYRIL Y. RIVERAL",NULL,OASDRM,FOO,68,"2018-07-31 18:14:24",68,NULL,0,2
268,FO-FMS,"Finance and Management Service","DIR. WAYNE DC. BELIZAR",NULL,OUSGASS,FOO,16,"2014-09-12 16:53:33",68,NULL,0,2
269,FO-FMS-SP,"Finance and Management Service-Special Projects",NULL,NULL,FMS,FOO,68,"2019-10-04 15:35:42",102,"2022-02-24 09:00:40",0,2
270,FO-HRMDS,"Human Resource Management and Development Service","DIR. LEONARDO C. REYNOSO",NULL,OASADMIN,FOO,68,"2019-05-04 14:50:29",68,NULL,0,2
271,FO-IAS,"Internal Audit Service","DIR. NATIVIDAD B. CANLAS",NULL,OASOSEC,FOO,16,"2014-09-12 16:47:10",68,NULL,0,2
272,FO-ICTMS,"Information and Communications Technology Management Service","DIR. ANDREW J. AMBUBUYOG",NULL,OASOSEC,FOO,16,"2014-09-12 16:36:38",68,NULL,0,2
273,FO-ISSO,"International Social Services Office","OIC DIR. LUCITA J. VILLANUEVA",NULL,OASSTPRO,FOO,68,"2019-05-04 17:04:19",68,NULL,0,2
274,FO-KC,KALAHI-CIDSS,"DIR. JANET P. ARMAS",NULL,OASSPECPRO,FOO,68,"2015-08-29 14:24:55",68,NULL,0,2
275,FO-LS,"Legal Service","OIC-DIR. MARIA CASSANDRA M. URBIZTONDO",NULL,OUSGASS,FOO,16,"2014-09-12 16:52:13",68,NULL,0,2
276,FO-NHTO,"National Household Targeting Office","DIR. JUSTIN CAESAR ANTHONY D. BATOCABE",NULL,OASOSEC,FOO,16,"2014-09-12 17:27:28",68,NULL,0,2
277,FO-NRLMB,"National Resource and Logistics Management Bureau","DIR. EMMANUEL P. PRIVADO",NULL,OASDRM,FOO,68,"2019-05-06 07:55:18",68,NULL,0,2
278,FO-PDPB,"Policy Development and Planning Bureau","DIR. RHODORA GARCES ALDAY",NULL,OUSPP,FOO,16,"2014-09-12 17:29:06",68,NULL,0,2
279,FO-PMB,"Program Management Bureau","DIR. WILMA D. NAVIAMOS",NULL,OASSTPRO,FOO,68,"2019-02-08 11:34:01",68,NULL,0,2
280,FO-PMS,"Procurement Management Service","OIC DIR. KARINA ANTONETTE A. AGUDO",NULL,OUSGASS,FOO,68,"2019-05-06 14:49:22",68,NULL,0,2
281,FO-RGMO,"Resource Generation and Management Office",NULL,NULL,OASPP,FOO,68,"2019-05-06 15:09:05",68,NULL,0,2
282,FO-SB,"Standards Bureau","OIC-DIR. CYNTHIA V. ILANO",NULL,OASSCB,FOO,16,"2014-09-12 16:59:56",68,NULL,0,2
283,FO-SLP,"Sustainable Livelihood Program","DIR. RESTITUTO B. MACUTO",NULL,OASSPECPRO,FOO,16,"2014-09-12 17:21:02",68,NULL,0,2
284,FO-SMS,"Social Marketing Service","DIR. IRENE B. DUMLAO",NULL,OASOSEC,FOO,16,"2014-09-12 16:45:15",68,NULL,0,2
285,FO-STB,"Social Technology Bureau","OIC DIR. HELEN Y. SUZARA",NULL,OASSCB,FOO,16,"2014-09-12 17:06:43",68,NULL,0,2
286,FO-SWIDB,"Social Welfare Institutional Development Bureau","ASEC. NOEL M. MACALALAD",NULL,OASSCB,FOO,68,"2018-07-31 17:15:05",68,NULL,0,2
287,HRMDS,"Human Resource Management and Development Service","DIR. LEONARDO C. REYNOSO",NULL,OASADMIN,CO,68,"2019-05-04 14:50:29",68,NULL,0,2
288,HRMDS-HRPPMD,"HRMDS-Human Resource Planning and Performance Management","OIC DC. CRISTI NIEL B. CRUZ",NULL,HRMDS,CO,68,"2019-05-04 16:35:16",68,NULL,0,3
289,HRMDS-HRWD,"HRMDS-Human Resource Welfare Division","OIC DC. MARIA ANDREA B. BANAY",NULL,HRMDS,CO,68,"2019-05-04 16:37:27",68,NULL,0,3
290,HRMDS-LDD,"HRMDS-Learning and Development Division","OIC DC. JANIS IAN M. PLACIDES",NULL,HRMDS,CO,68,"2019-05-04 16:38:47",68,NULL,0,3
291,HRMDS-PAD,"HRMDS-Personnel Administration Division","OIC DC. JENNIFER M. RIZO",NULL,HRMDS,CO,68,"2019-05-04 16:39:44",68,NULL,0,3
292,I-FO-4PS-AS,"FO Pantawid - Administrative Section",NULL,NULL,I-FO-4PS,I,NULL,NULL,NULL,NULL,0,2
293,I-FO-4PS-BDM,"FO Pantawid - Beneficiary Data Management Section",NULL,NULL,I-FO-4PS,I,NULL,NULL,NULL,NULL,0,2
294,I-FO-4PS-CBS,"FO Pantawid - Capability Building Division",NULL,NULL,I-FO-4PS,I,NULL,NULL,NULL,NULL,0,2
295,I-FO-4PS-CVS,"FO Pantawid - Compliance Verification Section",NULL,NULL,I-FO-4PS,I,NULL,NULL,NULL,NULL,0,2
296,I-FO-4PS-FDS,"FO Pantawid - Family Development Section",NULL,NULL,I-FO-4PS,I,NULL,NULL,NULL,NULL,0,2
297,I-FO-4PS-GRS,"FO Pantawid - Grievance Redress Section",NULL,NULL,I-FO-4PS,I,NULL,NULL,NULL,NULL,0,2
298,I-FO-4PS-IPD,"FO Pantawid - Institutional Partnership Section",NULL,NULL,I-FO-4PS,I,NULL,NULL,NULL,NULL,0,2
299,I-FO-4PS-MCCT,"FO Pantawid - Modified Conditional Cash Transfer Section",NULL,NULL,I-FO-4PS,I,NULL,NULL,NULL,NULL,0,2
300,I-FO-4PS-OPS,"FO Pantawid - Operation",NULL,NULL,I-FO-4PS,I,NULL,NULL,NULL,NULL,0,2
301,I-FO-4PS-PMES,"FO Pantawid - Planning and Monitoring and Evaluation Section",NULL,NULL,I-FO-4PS,I,NULL,NULL,NULL,NULL,0,2
302,I-FO-4PS-RPMO,"FO Pantawid Regional Program Management Office",NULL,NULL,I-FO-PROSD,I,NULL,NULL,NULL,NULL,0,2
303,I-FO-4PS-SMU,"FO Pantawid - Social Marketing Unit",NULL,NULL,I-FO-4PS,I,NULL,NULL,NULL,NULL,0,2
304,I-FO-4PS-SSDMS,"FO Pantawid - Social Services Delivery and Management Section",NULL,NULL,I-FO-4PS,I,NULL,NULL,NULL,NULL,0,2
305,I-FO-AD,"FO Administrative Division",NULL,NULL,I-FO-OARDA,I,NULL,NULL,NULL,NULL,0,2
306,I-FO-AD-GSS,"FO General Service Section",NULL,NULL,I-FO-AD,I,NULL,NULL,NULL,NULL,0,2
307,I-FO-AD-PS,"FO Procurement Section",NULL,NULL,I-FO-AD,I,NULL,NULL,NULL,NULL,0,2
308,I-FO-AD-PSS,"FO Property and Supply Section",NULL,NULL,I-FO-AD,I,NULL,NULL,NULL,NULL,0,2
309,I-FO-AD-RAMS,"FO Records Management Section",NULL,NULL,I-FO-AD,I,NULL,NULL,NULL,NULL,0,2
310,I-FO-ALL,"All DSWD Field Office I",NULL,NULL,NULL,I,NULL,NULL,NULL,NULL,0,2
311,I-FO-BAC,"FO Bids and Awards Committee",NULL,NULL,NULL,I,NULL,NULL,NULL,NULL,0,2
312,I-FO-CBS-MTA,"FO Minors Travelling Abroad Office",NULL,NULL,I-FO-PSD-COMBS,I,NULL,NULL,NULL,NULL,0,2
313,I-FO-CBSS-ANVRC,"FO A/NVRC Island Cluster",NULL,NULL,I-FO-PSD-CBSS,I,NULL,NULL,NULL,NULL,0,2
314,I-FO-CBSS-RHGW,"FO Regional Home for Girls and Women",NULL,NULL,I-FO-PSD-CBSS,I,NULL,NULL,NULL,NULL,0,2
315,I-FO-CBSS-RSCC,"FO Reception and Study Center for Children",NULL,NULL,I-FO-PSD-CBSS,I,NULL,NULL,NULL,NULL,0,2
316,I-FO-CBSS-RSCY,"FO Regional Rehabilitation Center for Youth",NULL,NULL,I-FO-PSD-CBSS,I,NULL,NULL,NULL,NULL,0,2
317,I-FO-COA,"FO Commision on Audit",NULL,NULL,NULL,I,NULL,NULL,NULL,NULL,0,2
318,I-FO-COMBS-ARRS,"FO Adoption Resource and Referral Section",NULL,NULL,I-FO-PSD-COMBS,I,NULL,NULL,NULL,NULL,0,2
319,I-FO-COMBS-SFP,"FO Supplementary Feeding Program",NULL,NULL,I-FO-PSD-COMBS,I,NULL,NULL,NULL,NULL,0,2
320,I-FO-COMBS-SPO,"FO Social Pension Office",NULL,NULL,I-FO-PSD-COMBS,I,NULL,NULL,NULL,NULL,0,2
321,I-FO-DRMD,"FO Disaster Response Management Division",NULL,NULL,I-FO-OARDO,I,NULL,NULL,NULL,NULL,0,2
322,I-FO-DRMD-DRIMS,"FO Regional Response & Information Management Section",NULL,NULL,I-FO-DRMD,I,NULL,NULL,NULL,NULL,0,2
323,I-FO-DRMD-DRRMS,"FO Disaster Response Rehabilitation Managment Section",NULL,NULL,I-FO-DRMD,I,NULL,NULL,NULL,NULL,0,2
324,I-FO-DRMD-RROS,"FO Regiona Resource Operation Section",NULL,NULL,I-FO-DRMD,I,NULL,NULL,NULL,NULL,0,2
325,I-FO-FMD,"FO Financial Management Division",NULL,NULL,I-FO-OARDA,I,NULL,NULL,NULL,NULL,0,2
326,I-FO-FMD-AS,"FO Accounting Section",NULL,NULL,I-FO-FMD,I,NULL,NULL,NULL,NULL,0,2
327,I-FO-FMD-BS,"FO Budget Section",NULL,NULL,I-FO-FMD,I,NULL,NULL,NULL,NULL,0,2
328,I-FO-FMD-CS,"FO Cash Section",NULL,NULL,I-FO-FMD,I,NULL,NULL,NULL,NULL,0,2
329,I-FO-HRMDD,"FO Human Resource Management and Development Division",NULL,NULL,I-FO-OARDA,I,NULL,NULL,NULL,NULL,0,2
330,I-FO-HRMDD-HRPPMS,"FO Human Resource Planning and Performance Management Section",NULL,NULL,I-FO-HRMDD,I,NULL,NULL,NULL,NULL,0,2
331,I-FO-HRMDD-HRWS,"FO Human Resource Welfare Section",NULL,NULL,I-FO-HRMDD,I,NULL,NULL,NULL,NULL,0,2
332,I-FO-HRMDD-LDS,"FO Learning and Development Section",NULL,NULL,I-FO-HRMDD,I,NULL,NULL,NULL,NULL,0,2
333,I-FO-HRMDD-PAS,"FO Personal Administration Section",NULL,NULL,I-FO-HRMDD,I,NULL,NULL,NULL,NULL,0,2
334,I-FO-IAU,"FO Internal Audit Unit",NULL,NULL,I-FO-ORD,I,NULL,NULL,NULL,NULL,0,2
335,I-FO-KC,"FO Kalhi-CIDSS PMO",NULL,NULL,I-FO-PROSD,I,NULL,NULL,NULL,NULL,0,2
336,I-FO-LU,"FO Legal Unit",NULL,NULL,I-FO-ORD,I,NULL,NULL,NULL,NULL,0,2
337,I-FO-OARDA,"FO Office of Assistant Regional Director for Administration",NULL,NULL,I-FO-ORD,I,NULL,NULL,NULL,NULL,0,2
338,I-FO-OARDO,"FO Office of Assistant Regional Director for Operation",NULL,NULL,I-FO-ORD,I,NULL,NULL,NULL,NULL,0,2
339,I-FO-ORD,"FO Office of the Regional Director",NULL,NULL,NULL,I,NULL,NULL,NULL,NULL,0,2
340,I-FO-ORD-STU,"FO Social Technology Unit",NULL,NULL,I-FO-ORD,I,NULL,NULL,NULL,NULL,0,2
341,I-FO-PPD,"FO Policy and Plans Division",NULL,NULL,I-FO-ORD,I,NULL,NULL,NULL,NULL,0,2
342,I-FO-PPD-ICT,"FO Information & Planning Communication Technology Section",NULL,NULL,I-FO-ORD,I,NULL,NULL,NULL,NULL,0,2
343,I-FO-PPD-NHTS,"FO National Household Targetting Section",NULL,NULL,I-FO-ORD,I,NULL,NULL,NULL,NULL,0,2
344,I-FO-PPD-PDPS,"FO Policy Development and Planning Section",NULL,NULL,I-FO-PPD,I,NULL,NULL,NULL,NULL,0,2
345,I-FO-PPD-SS,"FO Standard Section",NULL,NULL,I-FO-ORD,I,NULL,NULL,NULL,NULL,0,2
346,I-FO-PPD-UCT,"FO Unconditional Cash Transfer",NULL,NULL,I-FO-PPD,I,NULL,NULL,NULL,NULL,0,2
347,I-FO-PROMSD,"FO Promotive Service Division",NULL,NULL,I-FO-OARDO,I,NULL,NULL,NULL,NULL,0,2
348,I-FO-PROMSD-EPAHP,"FO Enhance Partnership Against Hunger and Poverty",NULL,NULL,I-FO-PROMSD,I,NULL,NULL,NULL,NULL,0,2
349,I-FO-PROMSD-SLP,"FO Sustainable Livelihood Program PMO",NULL,NULL,I-FO-PROSD,I,NULL,NULL,NULL,NULL,0,2
350,I-FO-PSD,"FO Protective Service Division",NULL,NULL,I-FO-OARDO,I,NULL,NULL,NULL,NULL,0,2
351,I-FO-PSD-CBS,"FO Capacity Building Section",NULL,NULL,I-FO-PSD,I,NULL,NULL,NULL,NULL,0,2
352,I-FO-PSD-CBSS,"FO Center Based Services Section",NULL,NULL,I-FO-PSD,I,NULL,NULL,NULL,NULL,0,2
353,I-FO-PSD-CIS,"FO Crisis Intervention Section",NULL,NULL,I-FO-PSD,I,NULL,NULL,NULL,NULL,0,2
354,I-FO-PSD-COMBS,"FO Community Based Services Section",NULL,NULL,I-FO-PSD,I,NULL,NULL,NULL,NULL,0,2
355,I-FO-SMU,"FO Social Marketing Unit",NULL,NULL,I-FO-ORD,I,NULL,NULL,NULL,NULL,0,2
356,IAS,"Internal Audit Service","DIR. NATIVIDAD B. CANLAS",NULL,OASOSEC,CO,16,"2014-09-12 16:47:10",68,NULL,0,2
357,IAS-MAD,"Internal Audit Service-Management Audit Division","MARISSA N. FABRICANTE",NULL,IAS,CO,68,"2019-05-04 16:57:59",68,NULL,0,3
358,IAS-OAD,"Internal Audit Service-Operations Audit Division","OIC DC. PERLYN JILL S. PAGADORA",NULL,IAS,CO,68,"2019-05-04 16:59:01",68,NULL,0,3
359,IAS-SAD,"Internal Audit Service-Special Audit Division","OIC DC. CRISTINA C. GAMING",NULL,IAS,CO,68,"2019-05-04 16:59:58",68,NULL,0,3
360,ICTMS,"Information and Communications Technology Management Service","DIR. ANDREW J. AMBUBUYOG",NULL," ",CO,16,"2014-09-12 16:36:38",68,NULL,0,2
361,ICTMS-BSSDD,"ICTMS-Business Solutions and Services Development Division","FELIX M. ARMEÑA",NULL,ICTMS,CO,68,"2019-05-04 16:48:02",68,NULL,0,3
362,ICTMS-CSG,"ICTMS-Cyber Security Group","OIC DC. SHEEN S. CARE",NULL,ICTMS,CO,68,"2019-05-04 16:49:28",68,NULL,0,3
363,ICTMS-DMD,"ICTMS-Database Management Division","OIC DC. SANDRA M. TABINAS",NULL,ICTMS,CO,68,"2019-05-04 16:50:38",68,NULL,0,3
364,ICTMS-IMD,"ICTMS-Infrastructure Management Division","SANDY ROY D. OCAMPO",NULL,ICTMS,CO,68,"2019-05-04 16:51:19",68,NULL,0,3
365,ICTMS-NTSSD,"ICTMS-Network and Technical Service Support Division","OIC DC. DENNIS S. ASUNCION",NULL,ICTMS,CO,68,"2019-05-04 16:52:10",68,NULL,0,3
366,II-FO-4PS-AS,"FO Pantawid - Administrative Section",NULL,NULL,II-FO-4PS,II,NULL,NULL,NULL,NULL,0,2
367,II-FO-4PS-BDM,"FO Pantawid - Beneficiary Data Management Section",NULL,NULL,II-FO-4PS,II,NULL,NULL,NULL,NULL,0,2
368,II-FO-4PS-CBS,"FO Pantawid - Capability Building Division",NULL,NULL,II-FO-4PS,II,NULL,NULL,NULL,NULL,0,2
369,II-FO-4PS-CVS,"FO Pantawid - Compliance Verification Section",NULL,NULL,II-FO-4PS,II,NULL,NULL,NULL,NULL,0,2
370,II-FO-4PS-FDS,"FO Pantawid - Family Development Section",NULL,NULL,II-FO-4PS,II,NULL,NULL,NULL,NULL,0,2
371,II-FO-4PS-GRS,"FO Pantawid - Grievance Redress Section",NULL,NULL,II-FO-4PS,II,NULL,NULL,NULL,NULL,0,2
372,II-FO-4PS-IPD,"FO Pantawid - Institutional Partnership Section",NULL,NULL,II-FO-4PS,II,NULL,NULL,NULL,NULL,0,2
373,II-FO-4PS-MCCT,"FO Pantawid - Modified Conditional Cash Transfer Section",NULL,NULL,II-FO-4PS,II,NULL,NULL,NULL,NULL,0,2
374,II-FO-4PS-OPS,"FO Pantawid - Operation",NULL,NULL,II-FO-4PS,II,NULL,NULL,NULL,NULL,0,2
375,II-FO-4PS-PMES,"FO Pantawid - Planning and Monitoring and Evaluation Section",NULL,NULL,II-FO-4PS,II,NULL,NULL,NULL,NULL,0,2
376,II-FO-4PS-RPMO,"FO Pantawid Regional Program Management Office",NULL,NULL,II-FO-PROSD,II,NULL,NULL,NULL,NULL,0,2
377,II-FO-4PS-SMU,"FO Pantawid - Social Marketing Unit",NULL,NULL,II-FO-4PS,II,NULL,NULL,NULL,NULL,0,2
378,II-FO-4PS-SSDMS,"FO Pantawid - Social Services Delivery and Management Section",NULL,NULL,II-FO-4PS,II,NULL,NULL,NULL,NULL,0,2
379,II-FO-AD,"FO Administrative Division",NULL,NULL,II-FO-OARDA,II,NULL,NULL,NULL,NULL,0,2
380,II-FO-AD-GSS,"FO General Service Section",NULL,NULL,II-FO-AD,II,NULL,NULL,NULL,NULL,0,2
381,II-FO-AD-PS,"FO Procurement Section",NULL,NULL,II-FO-AD,II,NULL,NULL,NULL,NULL,0,2
382,II-FO-AD-PSS,"FO Property and Supply Section",NULL,NULL,II-FO-AD,II,NULL,NULL,NULL,NULL,0,2
383,II-FO-AD-RAMS,"FO Records Management Section",NULL,NULL,II-FO-AD,II,NULL,NULL,NULL,NULL,0,2
384,II-FO-ALL,"All DSWD Field Office II",NULL,NULL,NULL,II,NULL,NULL,NULL,NULL,0,2
385,II-FO-BAC,"FO Bids and Awards Committee",NULL,NULL,NULL,II,NULL,NULL,NULL,NULL,0,2
386,II-FO-CBS-MTA,"FO Minors Travelling Abroad Office",NULL,NULL,II-FO-PSD-COMBS,II,NULL,NULL,NULL,NULL,0,2
387,II-FO-CBSS-ANVRC,"FO A/NVRC Island Cluster",NULL,NULL,II-FO-PSD-CBSS,II,NULL,NULL,NULL,NULL,0,2
388,II-FO-CBSS-RHGW,"FO Regional Home for Girls and Women",NULL,NULL,II-FO-PSD-CBSS,II,NULL,NULL,NULL,NULL,0,2
389,II-FO-CBSS-RSCC,"FO Reception and Study Center for Children",NULL,NULL,II-FO-PSD-CBSS,II,NULL,NULL,NULL,NULL,0,2
390,II-FO-CBSS-RSCY,"FO Regional Rehabilitation Center for Youth",NULL,NULL,II-FO-PSD-CBSS,II,NULL,NULL,NULL,NULL,0,2
391,II-FO-COA,"FO Commision on Audit",NULL,NULL,NULL,II,NULL,NULL,NULL,NULL,0,2
392,II-FO-COMBS-ARRS,"FO Adoption Resource and Referral Section",NULL,NULL,II-FO-PSD-COMBS,II,NULL,NULL,NULL,NULL,0,2
393,II-FO-COMBS-SFP,"FO Supplementary Feeding Program",NULL,NULL,II-FO-PSD-COMBS,II,NULL,NULL,NULL,NULL,0,2
394,II-FO-COMBS-SPO,"FO Social Pension Office",NULL,NULL,II-FO-PSD-COMBS,II,NULL,NULL,NULL,NULL,0,2
395,II-FO-DRMD,"FO Disaster Response Management Division",NULL,NULL,II-FO-OARDO,II,NULL,NULL,NULL,NULL,0,2
396,II-FO-DRMD-DRIMS,"FO Regional Response & Information Management Section",NULL,NULL,II-FO-DRMD,II,NULL,NULL,NULL,NULL,0,2
397,II-FO-DRMD-DRRMS,"FO Disaster Response Rehabilitation Managment Section",NULL,NULL,II-FO-DRMD,II,NULL,NULL,NULL,NULL,0,2
398,II-FO-DRMD-RROS,"FO Regiona Resource Operation Section",NULL,NULL,II-FO-DRMD,II,NULL,NULL,NULL,NULL,0,2
399,II-FO-FMD,"FO Financial Management Division",NULL,NULL,II-FO-OARDA,II,NULL,NULL,NULL,NULL,0,2
400,II-FO-FMD-AS,"FO Accounting Section",NULL,NULL,II-FO-FMD,II,NULL,NULL,NULL,NULL,0,2
401,II-FO-FMD-BS,"FO Budget Section",NULL,NULL,II-FO-FMD,II,NULL,NULL,NULL,NULL,0,2
402,II-FO-FMD-CS,"FO Cash Section",NULL,NULL,II-FO-FMD,II,NULL,NULL,NULL,NULL,0,2
403,II-FO-HRMDD,"FO Human Resource Management and Development Division",NULL,NULL,II-FO-OARDA,II,NULL,NULL,NULL,NULL,0,2
404,II-FO-HRMDD-HRPPMS,"FO Human Resource Planning and Performance Management Section",NULL,NULL,II-FO-HRMDD,II,NULL,NULL,NULL,NULL,0,2
405,II-FO-HRMDD-HRWS,"FO Human Resource Welfare Section",NULL,NULL,II-FO-HRMDD,II,NULL,NULL,NULL,NULL,0,2
406,II-FO-HRMDD-LDS,"FO Learning and Development Section",NULL,NULL,II-FO-HRMDD,II,NULL,NULL,NULL,NULL,0,2
407,II-FO-HRMDD-PAS,"FO Personal Administration Section",NULL,NULL,II-FO-HRMDD,II,NULL,NULL,NULL,NULL,0,2
408,II-FO-IAU,"FO Internal Audit Unit",NULL,NULL,II-FO-ORD,II,NULL,NULL,NULL,NULL,0,2
409,II-FO-KC,"FO Kalhi-CIDSS PMO",NULL,NULL,II-FO-PROSD,II,NULL,NULL,NULL,NULL,0,2
410,II-FO-LU,"FO Legal Unit",NULL,NULL,II-FO-ORD,II,NULL,NULL,NULL,NULL,0,2
411,II-FO-OARDA,"FO Office of Assistant Regional Director for Administration",NULL,NULL,II-FO-ORD,II,NULL,NULL,NULL,NULL,0,2
412,II-FO-OARDO,"FO Office of Assistant Regional Director for Operation",NULL,NULL,II-FO-ORD,II,NULL,NULL,NULL,NULL,0,2
413,II-FO-ORD,"FO Office of the Regional Director",NULL,NULL,NULL,II,NULL,NULL,NULL,NULL,0,2
414,II-FO-ORD-STU,"FO Social Technology Unit",NULL,NULL,II-FO-ORD,II,NULL,NULL,NULL,NULL,0,2
415,II-FO-PPD,"FO Policy and Plans Division",NULL,NULL,II-FO-ORD,II,NULL,NULL,NULL,NULL,0,2
416,II-FO-PPD-ICT,"FO Information & Planning Communication Technology Section",NULL,NULL,II-FO-ORD,II,NULL,NULL,NULL,NULL,0,2
417,II-FO-PPD-NHTS,"FO National Household Targetting Section",NULL,NULL,II-FO-ORD,II,NULL,NULL,NULL,NULL,0,2
418,II-FO-PPD-PDPS,"FO Policy Development and Planning Section",NULL,NULL,II-FO-PPD,II,NULL,NULL,NULL,NULL,0,2
419,II-FO-PPD-SS,"FO Standard Section",NULL,NULL,II-FO-ORD,II,NULL,NULL,NULL,NULL,0,2
420,II-FO-PPD-UCT,"FO Unconditional Cash Transfer",NULL,NULL,II-FO-PPD,II,NULL,NULL,NULL,NULL,0,2
421,II-FO-PROMSD,"FO Promotive Service Division",NULL,NULL,II-FO-OARDO,II,NULL,NULL,NULL,NULL,0,2
422,II-FO-PROMSD-EPAHP,"FO Enhance Partnership Against Hunger and Poverty",NULL,NULL,II-FO-PROMSD,II,NULL,NULL,NULL,NULL,0,2
423,II-FO-PROMSD-SLP,"FO Sustainable Livelihood Program PMO",NULL,NULL,II-FO-PROSD,II,NULL,NULL,NULL,NULL,0,2
424,II-FO-PSD,"FO Protective Service Division",NULL,NULL,II-FO-OARDO,II,NULL,NULL,NULL,NULL,0,2
425,II-FO-PSD-CBS,"FO Capacity Building Section",NULL,NULL,II-FO-PSD,II,NULL,NULL,NULL,NULL,0,2
426,II-FO-PSD-CBSS,"FO Center Based Services Section",NULL,NULL,II-FO-PSD,II,NULL,NULL,NULL,NULL,0,2
427,II-FO-PSD-CIS,"FO Crisis Intervention Section",NULL,NULL,II-FO-PSD,II,NULL,NULL,NULL,NULL,0,2
428,II-FO-PSD-COMBS,"FO Community Based Services Section",NULL,NULL,II-FO-PSD,II,NULL,NULL,NULL,NULL,0,2
429,II-FO-SMU,"FO Social Marketing Unit",NULL,NULL,II-FO-ORD,II,NULL,NULL,NULL,NULL,0,2
430,III-FO-4PS-AS,"FO Pantawid - Administrative Section",NULL,NULL,III-FO-4PS,III,NULL,NULL,NULL,NULL,0,2
431,III-FO-4PS-BDM,"FO Pantawid - Beneficiary Data Management Section",NULL,NULL,III-FO-4PS,III,NULL,NULL,NULL,NULL,0,2
432,III-FO-4PS-CBS,"FO Pantawid - Capability Building Division",NULL,NULL,III-FO-4PS,III,NULL,NULL,NULL,NULL,0,2
433,III-FO-4PS-CVS,"FO Pantawid - Compliance Verification Section",NULL,NULL,III-FO-4PS,III,NULL,NULL,NULL,NULL,0,2
434,III-FO-4PS-FDS,"FO Pantawid - Family Development Section",NULL,NULL,III-FO-4PS,III,NULL,NULL,NULL,NULL,0,2
435,III-FO-4PS-GRS,"FO Pantawid - Grievance Redress Section",NULL,NULL,III-FO-4PS,III,NULL,NULL,NULL,NULL,0,2
436,III-FO-4PS-IPD,"FO Pantawid - Institutional Partnership Section",NULL,NULL,III-FO-4PS,III,NULL,NULL,NULL,NULL,0,2
437,III-FO-4PS-MCCT,"FO Pantawid - Modified Conditional Cash Transfer Section",NULL,NULL,III-FO-4PS,III,NULL,NULL,NULL,NULL,0,2
438,III-FO-4PS-OPS,"FO Pantawid - Operation",NULL,NULL,III-FO-4PS,III,NULL,NULL,NULL,NULL,0,2
439,III-FO-4PS-PMES,"FO Pantawid - Planning and Monitoring and Evaluation Section",NULL,NULL,III-FO-4PS,III,NULL,NULL,NULL,NULL,0,2
440,III-FO-4PS-RPMO,"FO Pantawid Regional Program Management Office",NULL,NULL,III-FO-PROSD,III,NULL,NULL,NULL,NULL,0,2
441,III-FO-4PS-SMU,"FO Pantawid - Social Marketing Unit",NULL,NULL,III-FO-4PS,III,NULL,NULL,NULL,NULL,0,2
442,III-FO-4PS-SSDMS,"FO Pantawid - Social Services Delivery and Management Section",NULL,NULL,III-FO-4PS,III,NULL,NULL,NULL,NULL,0,2
443,III-FO-AD,"FO Administrative Division",NULL,NULL,III-FO-OARDA,III,NULL,NULL,NULL,NULL,0,2
444,III-FO-AD-GSS,"FO General Service Section",NULL,NULL,III-FO-AD,III,NULL,NULL,NULL,NULL,0,2
445,III-FO-AD-PS,"FO Procurement Section",NULL,NULL,III-FO-AD,III,NULL,NULL,NULL,NULL,0,2
446,III-FO-AD-PSS,"FO Property and Supply Section",NULL,NULL,III-FO-AD,III,NULL,NULL,NULL,NULL,0,2
447,III-FO-AD-RAMS,"FO Records Management Section",NULL,NULL,III-FO-AD,III,NULL,NULL,NULL,NULL,0,2
448,III-FO-ALL,"All DSWD Field Office III",NULL,NULL,NULL,III,NULL,NULL,NULL,NULL,0,2
449,III-FO-BAC,"FO Bids and Awards Committee",NULL,NULL,NULL,III,NULL,NULL,NULL,NULL,0,2
450,III-FO-CBS-MTA,"FO Minors Travelling Abroad Office",NULL,NULL,III-FO-PSD-COMBS,III,NULL,NULL,NULL,NULL,0,2
451,III-FO-CBSS-ANVRC,"FO A/NVRC Island Cluster",NULL,NULL,III-FO-PSD-CBSS,III,NULL,NULL,NULL,NULL,0,2
452,III-FO-CBSS-RHGW,"FO Regional Home for Girls and Women",NULL,NULL,III-FO-PSD-CBSS,III,NULL,NULL,NULL,NULL,0,2
453,III-FO-CBSS-RSCC,"FO Reception and Study Center for Children",NULL,NULL,III-FO-PSD-CBSS,III,NULL,NULL,NULL,NULL,0,2
454,III-FO-CBSS-RSCY,"FO Regional Rehabilitation Center for Youth",NULL,NULL,III-FO-PSD-CBSS,III,NULL,NULL,NULL,NULL,0,2
455,III-FO-COA,"FO Commision on Audit",NULL,NULL,NULL,III,NULL,NULL,NULL,NULL,0,2
456,III-FO-COMBS-ARRS,"FO Adoption Resource and Referral Section",NULL,NULL,III-FO-PSD-COMBS,III,NULL,NULL,NULL,NULL,0,2
457,III-FO-COMBS-SFP,"FO Supplementary Feeding Program",NULL,NULL,III-FO-PSD-COMBS,III,NULL,NULL,NULL,NULL,0,2
458,III-FO-COMBS-SPO,"FO Social Pension Office",NULL,NULL,III-FO-PSD-COMBS,III,NULL,NULL,NULL,NULL,0,2
459,III-FO-DPEO-AUR,"FO DSWD Provincial Extension Office - Aurora",NULL,NULL,III-FO-DPEO,III,NULL,NULL,NULL,NULL,0,2
460,III-FO-DPEO-BAT,"FO DSWD Provincial Extension Office - Bataan",NULL,NULL,III-FO-DPEO,III,NULL,NULL,NULL,NULL,0,2
461,III-FO-DPEO-BUL,"FO DSWD Provincial Extension Office - Bulacan",NULL,NULL,III-FO-DPEO,III,NULL,NULL,NULL,NULL,0,2
462,III-FO-DPEO-ZAM,"FO DSWD Provincial Extension Office - Zambales",NULL,NULL,III-FO-DPEO,III,NULL,NULL,NULL,NULL,0,2
463,III-FO-DRMD,"FO Disaster Response Management Division",NULL,NULL,III-FO-OARDO,III,NULL,NULL,NULL,NULL,0,2
464,III-FO-DRMD-DRIMS,"FO Regional Response & Information Management Section",NULL,NULL,III-FO-DRMD,III,NULL,NULL,NULL,NULL,0,2
465,III-FO-DRMD-DRRMS,"FO Disaster Response Rehabilitation Managment Section",NULL,NULL,III-FO-DRMD,III,NULL,NULL,NULL,NULL,0,2
466,III-FO-DRMD-RROS,"FO Regiona Resource Operation Section",NULL,NULL,III-FO-DRMD,III,NULL,NULL,NULL,NULL,0,2
467,III-FO-FMD,"FO Financial Management Division",NULL,NULL,III-FO-OARDA,III,NULL,NULL,NULL,NULL,0,2
468,III-FO-FMD-AS,"FO Accounting Section",NULL,NULL,III-FO-FMD,III,NULL,NULL,NULL,NULL,0,2
469,III-FO-FMD-BS,"FO Budget Section",NULL,NULL,III-FO-FMD,III,NULL,NULL,NULL,NULL,0,2
470,III-FO-FMD-CS,"FO Cash Section",NULL,NULL,III-FO-FMD,III,NULL,NULL,NULL,NULL,0,2
471,III-FO-HRMDD,"FO Human Resource Management and Development Division",NULL,NULL,III-FO-OARDA,III,NULL,NULL,NULL,NULL,0,2
472,III-FO-HRMDD-HRPPMS,"FO Human Resource Planning and Performance Management Section",NULL,NULL,III-FO-HRMDD,III,NULL,NULL,NULL,NULL,0,2
473,III-FO-HRMDD-HRWS,"FO Human Resource Welfare Section",NULL,NULL,III-FO-HRMDD,III,NULL,NULL,NULL,NULL,0,2
474,III-FO-HRMDD-LDS,"FO Learning and Development Section",NULL,NULL,III-FO-HRMDD,III,NULL,NULL,NULL,NULL,0,2
475,III-FO-HRMDD-PAS,"FO Personal Administration Section",NULL,NULL,III-FO-HRMDD,III,NULL,NULL,NULL,NULL,0,2
476,III-FO-IAU,"FO Internal Audit Unit",NULL,NULL,III-FO-ORD,III,NULL,NULL,NULL,NULL,0,2
477,III-FO-KC,"FO Kalhi-CIDSS PMO",NULL,NULL,III-FO-PROSD,III,NULL,NULL,NULL,NULL,0,2
478,III-FO-LU,"FO Legal Unit",NULL,NULL,III-FO-ORD,III,NULL,NULL,NULL,NULL,0,2
479,III-FO-OARDA,"FO Office of Assistant Regional Director for Administration",NULL,NULL,III-FO-ORD,III,NULL,NULL,NULL,NULL,0,2
480,III-FO-OARDO,"FO Office of Assistant Regional Director for Operation",NULL,NULL,III-FO-ORD,III,NULL,NULL,NULL,NULL,0,2
481,III-FO-ORD,"FO Office of the Regional Director",NULL,NULL,NULL,III,NULL,NULL,NULL,NULL,0,2
482,III-FO-ORD-STU,"FO Social Technology Unit",NULL,NULL,III-FO-ORD,III,NULL,NULL,NULL,NULL,0,2
483,III-FO-PPD,"FO Policy and Plans Division",NULL,NULL,III-FO-ORD,III,NULL,NULL,NULL,NULL,0,2
484,III-FO-PPD-ICT,"FO Information & Planning Communication Technology Section",NULL,NULL,III-FO-ORD,III,NULL,NULL,NULL,NULL,0,2
485,III-FO-PPD-NHTS,"FO National Household Targetting Section",NULL,NULL,III-FO-ORD,III,NULL,NULL,NULL,NULL,0,2
486,III-FO-PPD-PDPS,"FO Policy Development and Planning Section",NULL,NULL,III-FO-PPD,III,NULL,NULL,NULL,NULL,0,2
487,III-FO-PPD-SS,"FO Standard Section",NULL,NULL,III-FO-ORD,III,NULL,NULL,NULL,NULL,0,2
488,III-FO-PPD-UCT,"FO Unconditional Cash Transfer",NULL,NULL,III-FO-PPD,III,NULL,NULL,NULL,NULL,0,2
489,III-FO-PROMSD,"FO Promotive Service Division",NULL,NULL,III-FO-OARDO,III,NULL,NULL,NULL,NULL,0,2
490,III-FO-PROMSD-EPAHP,"FO Enhance Partnership Against Hunger and Poverty",NULL,NULL,III-FO-PROMSD,III,NULL,NULL,NULL,NULL,0,2
491,III-FO-PROMSD-SLP,"FO Sustainable Livelihood Program PMO",NULL,NULL,III-FO-PROSD,III,NULL,NULL,NULL,NULL,0,2
492,III-FO-PSD,"FO Protective Service Division",NULL,NULL,III-FO-OARDO,III,NULL,NULL,NULL,NULL,0,2
493,III-FO-PSD-CBS,"FO Capacity Building Section",NULL,NULL,III-FO-PSD,III,NULL,NULL,NULL,NULL,0,2
494,III-FO-PSD-CBSS,"FO Center Based Services Section",NULL,NULL,III-FO-PSD,III,NULL,NULL,NULL,NULL,0,2
495,III-FO-PSD-CBSS-THFW,"FO Tarlac Home for Women",NULL,NULL,III-FO-PSD,III,NULL,NULL,NULL,NULL,0,2
496,"III-FO-PSD-CBSS-TLC ","FO Tarlac Lingap Center",NULL,NULL,III-FO-PSD,III,NULL,NULL,NULL,NULL,0,2
497,III-FO-PSD-CIS,"FO Crisis Intervention Section",NULL,NULL,III-FO-PSD,III,NULL,NULL,NULL,NULL,0,2
498,III-FO-PSD-COMBS,"FO Community Based Services Section",NULL,NULL,III-FO-PSD,III,NULL,NULL,NULL,NULL,0,2
499,III-FO-SMU,"FO Social Marketing Unit",NULL,NULL,III-FO-ORD,III,NULL,NULL,NULL,NULL,0,2
500,ISSO,"International Social Services Office","OIC DIR. LUCITA J. VILLANUEVA",NULL,OASSTPRO,CO,68,"2019-05-04 17:04:19",68,NULL,0,2
501,ISSO-OD,"International Social Services Office-Operations Division","OIC DC. LUCITA J. VILLANUEVA",NULL,ISSO,CO,68,"2019-05-04 17:03:36",68,NULL,0,3
502,ISSO-TSD,"International Social Services Office-Technical Support Division","PERLITA D. PANGANIBAN",NULL,ISSO,CO,68,"2019-05-04 17:05:02",68,NULL,0,3
503,IV-A-FO-4PS-AS,"FO Pantawid - Administrative Section",NULL,NULL,IV-A-FO-4PS,IV-A,NULL,NULL,NULL,NULL,0,2
504,IV-A-FO-4PS-BDM,"FO Pantawid - Beneficiary Data Management Section",NULL,NULL,IV-A-FO-4PS,IV-A,NULL,NULL,NULL,NULL,0,2
505,IV-A-FO-4PS-CBS,"FO Pantawid - Capability Building Division",NULL,NULL,IV-A-FO-4PS,IV-A,NULL,NULL,NULL,NULL,0,2
506,IV-A-FO-4PS-CVS,"FO Pantawid - Compliance Verification Section",NULL,NULL,IV-A-FO-4PS,IV-A,NULL,NULL,NULL,NULL,0,2
507,IV-A-FO-4PS-FDS,"FO Pantawid - Family Development Section",NULL,NULL,IV-A-FO-4PS,IV-A,NULL,NULL,NULL,NULL,0,2
508,IV-A-FO-4PS-GRS,"FO Pantawid - Grievance Redress Section",NULL,NULL,IV-A-FO-4PS,IV-A,NULL,NULL,NULL,NULL,0,2
509,IV-A-FO-4PS-IPD,"FO Pantawid - Institutional Partnership Section",NULL,NULL,IV-A-FO-4PS,IV-A,NULL,NULL,NULL,NULL,0,2
510,IV-A-FO-4PS-MCCT,"FO Pantawid - Modified Conditional Cash Transfer Section",NULL,NULL,IV-A-FO-4PS,IV-A,NULL,NULL,NULL,NULL,0,2
511,IV-A-FO-4PS-OPS,"FO Pantawid - Operation",NULL,NULL,IV-A-FO-4PS,IV-A,NULL,NULL,NULL,NULL,0,2
512,IV-A-FO-4PS-PMES,"FO Pantawid - Planning and Monitoring and Evaluation Section",NULL,NULL,IV-A-FO-4PS,IV-A,NULL,NULL,NULL,NULL,0,2
513,IV-A-FO-4PS-RPMO,"FO Pantawid Regional Program Management Office",NULL,NULL,IV-A-FO-PROSD,IV-A,NULL,NULL,NULL,NULL,0,2
514,IV-A-FO-4PS-SMU,"FO Pantawid - Social Marketing Unit",NULL,NULL,IV-A-FO-4PS,IV-A,NULL,NULL,NULL,NULL,0,2
515,IV-A-FO-4PS-SSDMS,"FO Pantawid - Social Services Delivery and Management Section",NULL,NULL,IV-A-FO-4PS,IV-A,NULL,NULL,NULL,NULL,0,2
516,IV-A-FO-AD,"FO Administrative Division",NULL,NULL,IV-A-FO-OARDA,IV-A,NULL,NULL,NULL,NULL,0,2
517,IV-A-FO-AD-GSS,"FO General Service Section",NULL,NULL,IV-A-FO-AD,IV-A,NULL,NULL,NULL,NULL,0,2
518,IV-A-FO-AD-PS,"FO Procurement Section",NULL,NULL,IV-A-FO-AD,IV-A,NULL,NULL,NULL,NULL,0,2
519,IV-A-FO-AD-PSS,"FO Property and Supply Section",NULL,NULL,IV-A-FO-AD,IV-A,NULL,NULL,NULL,NULL,0,2
520,IV-A-FO-AD-RAMS,"FO Records Management Section",NULL,NULL,IV-A-FO-AD,IV-A,NULL,NULL,NULL,NULL,0,2
521,IV-A-FO-ALL,"All DSWD Field Office IV-A ",NULL,NULL,NULL,IV-A,NULL,NULL,NULL,NULL,0,2
522,IV-A-FO-BAC,"FO Bids and Awards Committee",NULL,NULL,NULL,IV-A,NULL,NULL,NULL,NULL,0,2
523,IV-A-FO-CBS-MTA,"FO Minors Travelling Abroad Office",NULL,NULL,IV-A-FO-PSD-COMBS,IV-A,NULL,NULL,NULL,NULL,0,2
524,IV-A-FO-CBSS-ANVRC,"FO A/NVRC Island Cluster",NULL,NULL,IV-A-FO-PSD-CBSS,IV-A,NULL,NULL,NULL,NULL,0,2
525,IV-A-FO-CBSS-BT,"FO Bahay Tuluyan ng mga Bata",NULL,NULL,IV-A-FO-PSD,IV-A,NULL,NULL,NULL,NULL,0,2
526,IV-A-FO-CBSS-HFTE,"FO Haven for the Elderly",NULL,NULL,IV-A-FO-PSD,IV-A,NULL,NULL,NULL,NULL,0,2
527,IV-A-FO-CBSS-NTSB,"FO National Training School for Boys",NULL,NULL,IV-A-FO-PSD,IV-A,NULL,NULL,NULL,NULL,0,2
528,IV-A-FO-CBSS-RHGW,"FO Regional Home for Girls and Women",NULL,NULL,IV-A-FO-PSD-CBSS,IV-A,NULL,NULL,NULL,NULL,0,2
529,IV-A-FO-CBSS-RSCC,"FO Reception and Study Center for Children",NULL,NULL,IV-A-FO-PSD-CBSS,IV-A,NULL,NULL,NULL,NULL,0,2
530,IV-A-FO-CBSS-RSCY,"FO Regional Rehabilitation Center for Youth",NULL,NULL,IV-A-FO-PSD-CBSS,IV-A,NULL,NULL,NULL,NULL,0,2
531,IV-A-FO-COA,"FO Commision on Audit",NULL,NULL,NULL,IV-A,NULL,NULL,NULL,NULL,0,2
532,IV-A-FO-COMBS-ARRS,"FO Adoption Resource and Referral Section",NULL,NULL,IV-A-FO-PSD-COMBS,IV-A,NULL,NULL,NULL,NULL,0,2
533,IV-A-FO-COMBS-SFP,"FO Supplementary Feeding Program",NULL,NULL,IV-A-FO-PSD-COMBS,IV-A,NULL,NULL,NULL,NULL,0,2
534,IV-A-FO-COMBS-SPO,"FO Social Pension Office",NULL,NULL,IV-A-FO-PSD-COMBS,IV-A,NULL,NULL,NULL,NULL,0,2
535,IV-A-FO-DRMD,"FO Disaster Response Management Division",NULL,NULL,IV-A-FO-OARDO,IV-A,NULL,NULL,NULL,NULL,0,2
536,IV-A-FO-DRMD-DRIMS,"FO Regional Response & Information Management Section",NULL,NULL,IV-A-FO-DRMD,IV-A,NULL,NULL,NULL,NULL,0,2
537,IV-A-FO-DRMD-DRRMS,"FO Disaster Response Rehabilitation Managment Section",NULL,NULL,IV-A-FO-DRMD,IV-A,NULL,NULL,NULL,NULL,0,2
538,IV-A-FO-DRMD-RROS,"FO Regiona Resource Operation Section",NULL,NULL,IV-A-FO-DRMD,IV-A,NULL,NULL,NULL,NULL,0,2
539,IV-A-FO-FMD,"FO Financial Management Division",NULL,NULL,IV-A-FO-OARDA,IV-A,NULL,NULL,NULL,NULL,0,2
540,IV-A-FO-FMD-AS,"FO Accounting Section",NULL,NULL,IV-A-FO-FMD,IV-A,NULL,NULL,NULL,NULL,0,2
541,IV-A-FO-FMD-BS,"FO Budget Section",NULL,NULL,IV-A-FO-FMD,IV-A,NULL,NULL,NULL,NULL,0,2
542,IV-A-FO-FMD-CS,"FO Cash Section",NULL,NULL,IV-A-FO-FMD,IV-A,NULL,NULL,NULL,NULL,0,2
543,IV-A-FO-HRMDD,"FO Human Resource Management and Development Division",NULL,NULL,IV-A-FO-OARDA,IV-A,NULL,NULL,NULL,NULL,0,2
544,IV-A-FO-HRMDD-HRPPMS,"FO Human Resource Planning and Performance Management Section",NULL,NULL,IV-A-FO-HRMDD,IV-A,NULL,NULL,NULL,NULL,0,2
545,IV-A-FO-HRMDD-HRWS,"FO Human Resource Welfare Section",NULL,NULL,IV-A-FO-HRMDD,IV-A,NULL,NULL,NULL,NULL,0,2
546,IV-A-FO-HRMDD-LDS,"FO Learning and Development Section",NULL,NULL,IV-A-FO-HRMDD,IV-A,NULL,NULL,NULL,NULL,0,2
547,IV-A-FO-HRMDD-PAS,"FO Personal Administration Section",NULL,NULL,IV-A-FO-HRMDD,IV-A,NULL,NULL,NULL,NULL,0,2
548,IV-A-FO-IAU,"FO Internal Audit Unit",NULL,NULL,IV-A-FO-ORD,IV-A,NULL,NULL,NULL,NULL,0,2
549,IV-A-FO-KC,"FO Kalhi-CIDSS PMO",NULL,NULL,IV-A-FO-PROSD,IV-A,NULL,NULL,NULL,NULL,0,2
550,IV-A-FO-LU,"FO Legal Unit",NULL,NULL,IV-A-FO-ORD,IV-A,NULL,NULL,NULL,NULL,0,2
551,IV-A-FO-OARDA,"FO Office of Assistant Regional Director for Administration",NULL,NULL,IV-A-FO-ORD,IV-A,NULL,NULL,NULL,NULL,0,2
552,IV-A-FO-OARDO,"FO Office of Assistant Regional Director for Operation",NULL,NULL,IV-A-FO-ORD,IV-A,NULL,NULL,NULL,NULL,0,2
553,IV-A-FO-ORD,"FO Office of the Regional Director",NULL,NULL,NULL,IV-A,NULL,NULL,NULL,NULL,0,2
554,IV-A-FO-ORD-STU,"FO Social Technology Unit",NULL,NULL,IV-A-FO-ORD,IV-A,NULL,NULL,NULL,NULL,0,2
555,IV-A-FO-PPD,"FO Policy and Plans Division",NULL,NULL,IV-A-FO-ORD,IV-A,NULL,NULL,NULL,NULL,0,2
556,IV-A-FO-PPD-ICT,"FO Information & Planning Communication Technology Section",NULL,NULL,IV-A-FO-ORD,IV-A,NULL,NULL,NULL,NULL,0,2
557,IV-A-FO-PPD-NHTS,"FO National Household Targetting Section",NULL,NULL,IV-A-FO-ORD,IV-A,NULL,NULL,NULL,NULL,0,2
558,IV-A-FO-PPD-PDPS,"FO Policy Development and Planning Section",NULL,NULL,IV-A-FO-PPD,IV-A,NULL,NULL,NULL,NULL,0,2
559,IV-A-FO-PPD-SS,"FO Standard Section",NULL,NULL,IV-A-FO-ORD,IV-A,NULL,NULL,NULL,NULL,0,2
560,IV-A-FO-PPD-UCT,"FO Unconditional Cash Transfer",NULL,NULL,IV-A-FO-PPD,IV-A,NULL,NULL,NULL,NULL,0,2
561,IV-A-FO-PROMSD,"FO Promotive Service Division",NULL,NULL,IV-A-FO-OARDO,IV-A,NULL,NULL,NULL,NULL,0,2
562,IV-A-FO-PROMSD-EPAHP,"FO Enhance Partnership Against Hunger and Poverty",NULL,NULL,IV-A-FO-PROMSD,IV-A,NULL,NULL,NULL,NULL,0,2
563,IV-A-FO-PROMSD-SLP,"FO Sustainable Livelihood Program PMO",NULL,NULL,IV-A-FO-PROSD,IV-A,NULL,NULL,NULL,NULL,0,2
564,IV-A-FO-PSD,"FO Protective Service Division",NULL,NULL,IV-A-FO-OARDO,IV-A,NULL,NULL,NULL,NULL,0,2
565,IV-A-FO-PSD-CBS,"FO Capacity Building Section",NULL,NULL,IV-A-FO-PSD,IV-A,NULL,NULL,NULL,NULL,0,2
566,IV-A-FO-PSD-CBSS,"FO Center Based Services Section",NULL,NULL,IV-A-FO-PSD,IV-A,NULL,NULL,NULL,NULL,0,2
567,IV-A-FO-PSD-CIS,"FO Crisis Intervention Section",NULL,NULL,IV-A-FO-PSD,IV-A,NULL,NULL,NULL,NULL,0,2
568,IV-A-FO-PSD-COMBS,"FO Community Based Services Section",NULL,NULL,IV-A-FO-PSD,IV-A,NULL,NULL,NULL,NULL,0,2
569,IV-A-FO-SMU,"FO Social Marketing Unit",NULL,NULL,IV-A-FO-ORD,IV-A,NULL,NULL,NULL,NULL,0,2
570,IV-B-FO-4PS-AS,"FO Pantawid - Administrative Section",NULL,NULL,IV-B-FO-4PS,IV-B,NULL,NULL,NULL,NULL,0,2
571,IV-B-FO-4PS-BDM,"FO Pantawid - Beneficiary Data Management Section",NULL,NULL,IV-B-FO-4PS,IV-B,NULL,NULL,NULL,NULL,0,2
572,IV-B-FO-4PS-CBS,"FO Pantawid - Capability Building Division",NULL,NULL,IV-B-FO-4PS,IV-B,NULL,NULL,NULL,NULL,0,2
573,IV-B-FO-4PS-CVS,"FO Pantawid - Compliance Verification Section",NULL,NULL,IV-B-FO-4PS,IV-B,NULL,NULL,NULL,NULL,0,2
574,IV-B-FO-4PS-FDS,"FO Pantawid - Family Development Section",NULL,NULL,IV-B-FO-4PS,IV-B,NULL,NULL,NULL,NULL,0,2
575,IV-B-FO-4PS-GRS,"FO Pantawid - Grievance Redress Section",NULL,NULL,IV-B-FO-4PS,IV-B,NULL,NULL,NULL,NULL,0,2
576,IV-B-FO-4PS-IPD,"FO Pantawid - Institutional Partnership Section",NULL,NULL,IV-B-FO-4PS,IV-B,NULL,NULL,NULL,NULL,0,2
577,IV-B-FO-4PS-MCCT,"FO Pantawid - Modified Conditional Cash Transfer Section",NULL,NULL,IV-B-FO-4PS,IV-B,NULL,NULL,NULL,NULL,0,2
578,IV-B-FO-4PS-OPS,"FO Pantawid - Operation",NULL,NULL,IV-B-FO-4PS,IV-B,NULL,NULL,NULL,NULL,0,2
579,IV-B-FO-4PS-PMES,"FO Pantawid - Planning and Monitoring and Evaluation Section",NULL,NULL,IV-B-FO-4PS,IV-B,NULL,NULL,NULL,NULL,0,2
580,IV-B-FO-4PS-POO-MAR,"FO Pantawid-Provincial Operations Office - Marinduque",NULL,NULL,IV-B-FO-4PS,IV-B,NULL,NULL,NULL,NULL,0,2
581,IV-B-FO-4PS-POO-OCCI,"FO Pantawid-Provincial Operations Office - Occidental Mindoro",NULL,NULL,IV-B-FO-4PS,IV-B,NULL,NULL,NULL,NULL,0,2
582,IV-B-FO-4PS-POO-ORMIN,"FO Pantawid-Provincial Operations Office - Oriental Mindoro",NULL,NULL,IV-B-FO-4PS,IV-B,NULL,NULL,NULL,NULL,0,2
583,IV-B-FO-4PS-POO-PAL,"FO Pantawid-Provincial Operations Office - Palawan",NULL,NULL,IV-B-FO-4PS,IV-B,NULL,NULL,NULL,NULL,0,2
584,IV-B-FO-4PS-POO-ROM,"FO Pantawid-Provincial Operations Office - Romblon",NULL,NULL,IV-B-FO-4PS,IV-B,NULL,NULL,NULL,NULL,0,2
585,IV-B-FO-4PS-RPMO,"FO Pantawid Regional Program Management Office",NULL,NULL,IV-B-FO-PROSD,IV-B,NULL,NULL,NULL,NULL,0,2
586,IV-B-FO-4PS-SMU,"FO Pantawid - Social Marketing Unit",NULL,NULL,IV-B-FO-4PS,IV-B,NULL,NULL,NULL,NULL,0,2
587,IV-B-FO-4PS-SSDMS,"FO Pantawid - Social Services Delivery and Management Section",NULL,NULL,IV-B-FO-4PS,IV-B,NULL,NULL,NULL,NULL,0,2
588,IV-B-FO-AD,"FO Administrative Division",NULL,NULL,IV-B-FO-OARDA,IV-B,NULL,NULL,NULL,NULL,0,2
589,IV-B-FO-AD-GSS,"FO General Service Section",NULL,NULL,IV-B-FO-AD,IV-B,NULL,NULL,NULL,NULL,0,2
590,IV-B-FO-AD-PS,"FO Procurement Section",NULL,NULL,IV-B-FO-AD,IV-B,NULL,NULL,NULL,NULL,0,2
591,IV-B-FO-AD-PSS,"FO Property and Supply Section",NULL,NULL,IV-B-FO-AD,IV-B,NULL,NULL,NULL,NULL,0,2
592,IV-B-FO-AD-RAMS,"FO Records and Archives Management Section",NULL,NULL,IV-B-FO-AD,IV-B,NULL,NULL,1825,"2022-07-14 14:31:15",0,2
593,IV-B-FO-ALL,"All DSWD Field Office IV-B",NULL,NULL,NULL,IV-B,NULL,NULL,NULL,NULL,0,2
594,IV-B-FO-BAC,"FO Bids and Awards Committee",NULL,NULL,NULL,IV-B,NULL,NULL,NULL,NULL,0,2
595,IV-B-FO-CBS-MTA,"FO Minors Travelling Abroad Office",NULL,NULL,IV-B-FO-PSD-COMBS,IV-B,NULL,NULL,NULL,NULL,0,2
596,IV-B-FO-CBSS-ANVRC,"FO A/NVRC Island Cluster",NULL,NULL,IV-B-FO-PSD-CBSS,IV-B,NULL,NULL,NULL,NULL,0,2
597,IV-B-FO-CBSS-RHGW,"FO Regional Home for Girls and Women",NULL,NULL,IV-B-FO-PSD-CBSS,IV-B,NULL,NULL,NULL,NULL,0,2
598,IV-B-FO-CBSS-RSCC,"FO Reception and Study Center for Children",NULL,NULL,IV-B-FO-PSD-CBSS,IV-B,NULL,NULL,NULL,NULL,0,2
599,IV-B-FO-CBSS-RSCY,"FO Regional Rehabilitation Center for Youth",NULL,NULL,IV-B-FO-PSD-CBSS,IV-B,NULL,NULL,NULL,NULL,0,2
600,IV-B-FO-COA,"FO Commision on Audit",NULL,NULL,NULL,IV-B,NULL,NULL,NULL,NULL,0,2
601,IV-B-FO-COMBS-ARRS,"FO Adoption Resource and Referral Section",NULL,NULL,IV-B-FO-PSD-COMBS,IV-B,NULL,NULL,NULL,NULL,0,2
602,IV-B-FO-COMBS-SFP,"FO Supplementary Feeding Program",NULL,NULL,IV-B-FO-PSD-COMBS,IV-B,NULL,NULL,NULL,NULL,0,2
603,IV-B-FO-COMBS-SPO,"FO Social Pension Office",NULL,NULL,IV-B-FO-PSD-COMBS,IV-B,NULL,NULL,NULL,NULL,0,2
604,IV-B-FO-DRMD,"FO Disaster Response Management Division (Gen Admin)",NULL,NULL,IV-B-FO-OARDO,IV-B,NULL,NULL,1830,"2022-07-14 14:47:01",0,2
605,IV-B-FO-DRMD-DRIMS,"FO Disaster Response Information and Management Section",NULL,NULL,IV-B-FO-DRMD,IV-B,NULL,NULL,1830,"2022-07-14 14:45:59",0,2
606,IV-B-FO-DRMD-DRRMS,"FO Disaster Response and Rehabilitation Section",NULL,NULL,IV-B-FO-DRMD,IV-B,NULL,NULL,1830,"2022-07-14 14:44:30",0,2
607,IV-B-FO-DRMD-RROS,"FO Regional Resource Operations Section",NULL,NULL,IV-B-FO-DRMD,IV-B,NULL,NULL,1830,"2022-07-14 14:46:17",0,2
608,IV-B-FO-FMD,"FO Financial Management Division",NULL,NULL,IV-B-FO-OARDA,IV-B,NULL,NULL,NULL,NULL,0,2
609,IV-B-FO-FMD-AS,"FO Accounting Section",NULL,NULL,IV-B-FO-FMD,IV-B,NULL,NULL,NULL,NULL,0,2
610,IV-B-FO-FMD-BS,"FO Budget Section",NULL,NULL,IV-B-FO-FMD,IV-B,NULL,NULL,NULL,NULL,0,2
611,IV-B-FO-FMD-CS,"FO Cash Section",NULL,NULL,IV-B-FO-FMD,IV-B,NULL,NULL,NULL,NULL,0,2
612,IV-B-FO-HRMDD,"FO Human Resource Management and Development Division",NULL,NULL,IV-B-FO-OARDA,IV-B,NULL,NULL,NULL,NULL,0,2
613,IV-B-FO-HRMDD-HRPPMS,"FO Human Resource Planning and Performance Management Section",NULL,NULL,IV-B-FO-HRMDD,IV-B,NULL,NULL,NULL,NULL,0,2
614,IV-B-FO-HRMDD-HRWS,"FO Human Resource Welfare Section",NULL,NULL,IV-B-FO-HRMDD,IV-B,NULL,NULL,NULL,NULL,0,2
615,IV-B-FO-HRMDD-LDS,"FO Learning and Development Section",NULL,NULL,IV-B-FO-HRMDD,IV-B,NULL,NULL,NULL,NULL,0,2
616,IV-B-FO-HRMDD-PAS,"FO Personal Administration Section",NULL,NULL,IV-B-FO-HRMDD,IV-B,NULL,NULL,NULL,NULL,0,2
617,IV-B-FO-IAU,"FO Internal Audit Unit",NULL,NULL,IV-B-FO-ORD,IV-B,NULL,NULL,NULL,NULL,0,2
618,IV-B-FO-KC,"FO Kalhi-CIDSS PMO",NULL,NULL,IV-B-FO-PROSD,IV-B,NULL,NULL,NULL,NULL,0,2
619,IV-B-FO-LU,"FO Legal Unit",NULL,NULL,IV-B-FO-ORD,IV-B,NULL,NULL,NULL,NULL,0,2
620,IV-B-FO-OARDA,"FO Office of Assistant Regional Director for Administration",NULL,NULL,IV-B-FO-ORD,IV-B,NULL,NULL,NULL,NULL,0,2
621,IV-B-FO-OARDO,"FO Office of Assistant Regional Director for Operation",NULL,NULL,IV-B-FO-ORD,IV-B,NULL,NULL,NULL,NULL,0,2
622,IV-B-FO-ORD,"FO Office of the Regional Director",NULL,NULL,NULL,IV-B,NULL,NULL,NULL,NULL,0,2
623,IV-B-FO-ORD-RSCWC,"FO Regional Sub-Committee for the Welfare of Children",NULL,NULL,NULL,IV-B,1825,"2022-07-14 16:27:38",NULL,NULL,0,2
624,IV-B-FO-ORD-STU,"FO Social Technology Unit",NULL,NULL,NULL,IV-B,1830,"2022-07-14 14:42:56",NULL,NULL,0,2
625,IV-B-FO-ORD-TARA,"FO Technical Assistance and Resource Augmentation",NULL,NULL,NULL,IV-B,1825,"2022-07-14 14:44:00",NULL,NULL,0,2
626,IV-B-FO-PPD,"FO Policy and Plans Division",NULL,NULL,IV-B-FO-ORD,IV-B,NULL,NULL,NULL,NULL,0,2
627,IV-B-FO-PPD-ICT,"FO Information & Planning Communication Technology Section",NULL,NULL,IV-B-FO-ORD,IV-B,NULL,NULL,NULL,NULL,0,2
628,IV-B-FO-PPD-NHTS,"FO National Household Targetting Section",NULL,NULL,IV-B-FO-ORD,IV-B,NULL,NULL,NULL,NULL,0,2
629,IV-B-FO-PPD-PDPS,"FO  Policy Development and Planning Section",NULL,NULL,NULL,IV-B,1827,"2022-07-14 13:24:15",NULL,NULL,0,2
630,IV-B-FO-PPD-SS,"FO Standard Section",NULL,NULL,IV-B-FO-ORD,IV-B,NULL,NULL,NULL,NULL,0,2
631,IV-B-FO-PPD-UCT,"FO Unconditional Cash Transfer",NULL,NULL,NULL,IV-B,1825,"2022-07-14 14:42:47",NULL,NULL,0,2
632,IV-B-FO-PROMSD,"FO Promotive Service Division",NULL,NULL,IV-B-FO-OARDO,IV-B,NULL,NULL,NULL,NULL,0,2
633,IV-B-FO-PROMSD-EPAHP,"FO Enhance Partnership Against Hunger and Poverty",NULL,NULL,IV-B-FO-PROMSD,IV-B,NULL,NULL,NULL,NULL,0,2
634,IV-B-FO-PROMSD-SLP,"FO Sustainable Livelihood Program PMO",NULL,NULL,IV-B-FO-PROSD,IV-B,NULL,NULL,NULL,NULL,0,2
635,IV-B-FO-PROSD-EPAHP,"FO Enhanced Partnership Against Hunger and Poverty",NULL,NULL,NULL,IV-B,1826,"2022-07-14 14:52:32",1826,"2022-07-14 14:54:32",1,2
636,IV-B-FO-PSD,"FO Protective Service Division",NULL,NULL,IV-B-FO-OARDO,IV-B,NULL,NULL,NULL,NULL,0,2
637,IV-B-FO-PSD-CBS,"FO Capacity Building Section",NULL,NULL,IV-B-FO-PSD,IV-B,NULL,NULL,NULL,NULL,0,2
638,IV-B-FO-PSD-CBSS,"FO Center Based Services Section",NULL,NULL,IV-B-FO-PSD,IV-B,NULL,NULL,NULL,NULL,0,2
639,IV-B-FO-PSD-CIS,"FO Crisis Intervention Section",NULL,NULL,IV-B-FO-PSD,IV-B,NULL,NULL,NULL,NULL,0,2
640,IV-B-FO-PSD-COMBS,"FO Community Based Services Section",NULL,NULL,IV-B-FO-PSD,IV-B,NULL,NULL,NULL,NULL,0,2
641,IV-B-FO-PSD-EPAHP,"FO Enhanced Partnership Against Hunger and Poverty",NULL,NULL,NULL,IV-B,1826,"2022-07-14 14:48:29",1826,"2022-07-14 14:51:57",1,2
642,IV-B-FO-PSD-MYC,"FO MIMAROPA Youth Center",NULL,NULL,NULL,IV-B,1825,"2022-07-18 09:55:37",NULL,NULL,0,2
643,IV-B-FO-PSD-SFP,"FO Supplementary Feeding Program",NULL,NULL,NULL,IV-B,1826,"2022-07-14 14:59:03",NULL,NULL,0,2
644,IV-B-FO-PSD-SP,"FO Social Pension",NULL,NULL,NULL,IV-B,1826,"2022-07-14 14:42:42",NULL,NULL,0,2
645,IV-B-FO-SMU,"FO Social Marketing Unit",NULL,NULL,IV-B-FO-ORD,IV-B,NULL,NULL,NULL,NULL,0,2
646,IV-B-FO-SWAD-MAR,"FO-Social Welfare and Development Office-Marinduque",NULL,NULL,IV-B-FO-PSD,IV-B,NULL,NULL,NULL,NULL,0,2
647,IV-B-FO-SWAD-OCCI,"FO-Social Welfare and Development Office-Occidental Mindoro",NULL,NULL,IV-B-FO-PSD,IV-B,NULL,NULL,NULL,NULL,0,2
648,IV-B-FO-SWAD-ORMIN,"FO-Social Welfare and Development Office-Oriental Mindoro",NULL,NULL,IV-B-FO-PSD,IV-B,NULL,NULL,NULL,NULL,0,2
649,IV-B-FO-SWAD-PAL,"FO-Social Welfare and Development Office-Palawan",NULL,NULL,IV-B-FO-PSD,IV-B,NULL,NULL,NULL,NULL,0,2
650,IV-B-FO-SWAD-ROM,"FO-Social Welfare and Development Office-Romblon",NULL,NULL,IV-B-FO-PSD,IV-B,NULL,NULL,NULL,NULL,0,2
651,IX-FO-4PS-AS,"FO Pantawid - Administrative Section",NULL,NULL,IX-FO-4PS,IX,NULL,NULL,NULL,NULL,0,2
652,IX-FO-4PS-BDM,"FO Pantawid - Beneficiary Data Management Section",NULL,NULL,IX-FO-4PS,IX,NULL,NULL,NULL,NULL,0,2
653,IX-FO-4PS-CBS,"FO Pantawid - Capability Building Division",NULL,NULL,IX-FO-4PS,IX,NULL,NULL,NULL,NULL,0,2
654,IX-FO-4PS-CVS,"FO Pantawid - Compliance Verification Section",NULL,NULL,IX-FO-4PS,IX,NULL,NULL,NULL,NULL,0,2
655,IX-FO-4PS-FDS,"FO Pantawid - Family Development Section",NULL,NULL,IX-FO-4PS,IX,NULL,NULL,NULL,NULL,0,2
656,IX-FO-4PS-GRS,"FO Pantawid - Grievance Redress Section",NULL,NULL,IX-FO-4PS,IX,NULL,NULL,NULL,NULL,0,2
657,IX-FO-4PS-IPD,"FO Pantawid - Institutional Partnership Section",NULL,NULL,IX-FO-4PS,IX,NULL,NULL,NULL,NULL,0,2
658,IX-FO-4PS-MCCT,"FO Pantawid - Modified Conditional Cash Transfer Section",NULL,NULL,IX-FO-4PS,IX,NULL,NULL,NULL,NULL,0,2
659,IX-FO-4PS-OPS,"FO Pantawid - Operation",NULL,NULL,IX-FO-4PS,IX,NULL,NULL,NULL,NULL,0,2
660,IX-FO-4PS-PMES,"FO Pantawid - Planning and Monitoring and Evaluation Section",NULL,NULL,IX-FO-4PS,IX,NULL,NULL,NULL,NULL,0,2
661,IX-FO-4PS-RPMO,"FO Pantawid Regional Program Management Office",NULL,NULL,IX-FO-PROSD,IX,NULL,NULL,NULL,NULL,0,2
662,IX-FO-4PS-SMU,"FO Pantawid - Social Marketing Unit",NULL,NULL,IX-FO-4PS,IX,NULL,NULL,NULL,NULL,0,2
663,IX-FO-4PS-SSDMS,"FO Pantawid - Social Services Delivery and Management Section",NULL,NULL,IX-FO-4PS,IX,NULL,NULL,NULL,NULL,0,2
664,IX-FO-AD,"FO Administrative Division",NULL,NULL,IX-FO-OARDA,IX,NULL,NULL,NULL,NULL,0,2
665,IX-FO-AD-GSS,"FO General Service Section",NULL,NULL,IX-FO-AD,IX,NULL,NULL,NULL,NULL,0,2
666,IX-FO-AD-PS,"FO Procurement Section",NULL,NULL,IX-FO-AD,IX,NULL,NULL,NULL,NULL,0,2
667,IX-FO-AD-PSS,"FO Property and Supply Section",NULL,NULL,IX-FO-AD,IX,NULL,NULL,NULL,NULL,0,2
668,IX-FO-AD-RAMS,"FO Records Management Section",NULL,NULL,IX-FO-AD,IX,NULL,NULL,NULL,NULL,0,2
669,IX-FO-ALL,"All DSWD Field Office IX",NULL,NULL,NULL,IX,NULL,NULL,NULL,NULL,0,2
670,IX-FO-BAC,"FO Bids and Awards Committee",NULL,NULL,NULL,IX,NULL,NULL,NULL,NULL,0,2
671,IX-FO-CBS-MTA,"FO Minors Travelling Abroad Office",NULL,NULL,IX-FO-PSD-COMBS,IX,NULL,NULL,NULL,NULL,0,2
672,IX-FO-CBSS-ANVRC,"FO A/NVRC Island Cluster",NULL,NULL,IX-FO-PSD-CBSS,IX,NULL,NULL,NULL,NULL,0,2
673,IX-FO-CBSS-RHGW,"FO Regional Home for Girls and Women",NULL,NULL,IX-FO-PSD-CBSS,IX,NULL,NULL,NULL,NULL,0,2
674,IX-FO-CBSS-RSCC,"FO Reception and Study Center for Children",NULL,NULL,IX-FO-PSD-CBSS,IX,NULL,NULL,NULL,NULL,0,2
675,IX-FO-CBSS-RSCY,"FO Regional Rehabilitation Center for Youth",NULL,NULL,IX-FO-PSD-CBSS,IX,NULL,NULL,NULL,NULL,0,2
676,IX-FO-COA,"FO Commision on Audit",NULL,NULL,NULL,IX,NULL,NULL,NULL,NULL,0,2
677,IX-FO-COMBS-ARRS,"FO Adoption Resource and Referral Section",NULL,NULL,IX-FO-PSD-COMBS,IX,NULL,NULL,NULL,NULL,0,2
678,IX-FO-COMBS-SFP,"FO Supplementary Feeding Program",NULL,NULL,IX-FO-PSD-COMBS,IX,NULL,NULL,NULL,NULL,0,2
679,IX-FO-COMBS-SPO,"FO Social Pension Office",NULL,NULL,IX-FO-PSD-COMBS,IX,NULL,NULL,NULL,NULL,0,2
680,IX-FO-DRMD,"FO Disaster Response Management Division",NULL,NULL,IX-FO-OARDO,IX,NULL,NULL,NULL,NULL,0,2
681,IX-FO-DRMD-DRIMS,"FO Regional Response & Information Management Section",NULL,NULL,IX-FO-DRMD,IX,NULL,NULL,NULL,NULL,0,2
682,IX-FO-DRMD-DRRMS,"FO Disaster Response Rehabilitation Managment Section",NULL,NULL,IX-FO-DRMD,IX,NULL,NULL,NULL,NULL,0,2
683,IX-FO-DRMD-RROS,"FO Regiona Resource Operation Section",NULL,NULL,IX-FO-DRMD,IX,NULL,NULL,NULL,NULL,0,2
684,IX-FO-FMD,"FO Financial Management Division",NULL,NULL,IX-FO-OARDA,IX,NULL,NULL,NULL,NULL,0,2
685,IX-FO-FMD-AS,"FO Accounting Section",NULL,NULL,IX-FO-FMD,IX,NULL,NULL,NULL,NULL,0,2
686,IX-FO-FMD-BS,"FO Budget Section",NULL,NULL,IX-FO-FMD,IX,NULL,NULL,NULL,NULL,0,2
687,IX-FO-FMD-CS,"FO Cash Section",NULL,NULL,IX-FO-FMD,IX,NULL,NULL,NULL,NULL,0,2
688,IX-FO-HRMDD,"FO Human Resource Management and Development Division",NULL,NULL,IX-FO-OARDA,IX,NULL,NULL,NULL,NULL,0,2
689,IX-FO-HRMDD-HRPPMS,"FO Human Resource Planning and Performance Management Section",NULL,NULL,IX-FO-HRMDD,IX,NULL,NULL,NULL,NULL,0,2
690,IX-FO-HRMDD-HRWS,"FO Human Resource Welfare Section",NULL,NULL,IX-FO-HRMDD,IX,NULL,NULL,NULL,NULL,0,2
691,IX-FO-HRMDD-LDS,"FO Learning and Development Section",NULL,NULL,IX-FO-HRMDD,IX,NULL,NULL,NULL,NULL,0,2
692,IX-FO-HRMDD-PAS,"FO Personal Administration Section",NULL,NULL,IX-FO-HRMDD,IX,NULL,NULL,NULL,NULL,0,2
693,IX-FO-IAU,"FO Internal Audit Unit",NULL,NULL,IX-FO-ORD,IX,NULL,NULL,NULL,NULL,0,2
694,IX-FO-KC,"FO Kalhi-CIDSS PMO",NULL,NULL,IX-FO-PROSD,IX,NULL,NULL,NULL,NULL,0,2
695,IX-FO-LU,"FO Legal Unit",NULL,NULL,IX-FO-ORD,IX,NULL,NULL,NULL,NULL,0,2
696,IX-FO-OARDA,"FO Office of Assistant Regional Director for Administration",NULL,NULL,IX-FO-ORD,IX,NULL,NULL,NULL,NULL,0,2
697,IX-FO-OARDO,"FO Office of Assistant Regional Director for Operation",NULL,NULL,IX-FO-ORD,IX,NULL,NULL,NULL,NULL,0,2
698,IX-FO-ORD,"FO Office of the Regional Director",NULL,NULL,NULL,IX,NULL,NULL,NULL,NULL,0,2
699,IX-FO-ORD-STU,"FO Social Technology Unit",NULL,NULL,IX-FO-ORD,IX,NULL,NULL,NULL,NULL,0,2
700,IX-FO-PPD,"FO Policy and Plans Division",NULL,NULL,IX-FO-ORD,IX,NULL,NULL,NULL,NULL,0,2
701,IX-FO-PPD-ICT,"FO Information & Planning Communication Technology Section",NULL,NULL,IX-FO-ORD,IX,NULL,NULL,NULL,NULL,0,2
702,IX-FO-PPD-NHTS,"FO National Household Targetting Section",NULL,NULL,IX-FO-ORD,IX,NULL,NULL,NULL,NULL,0,2
703,IX-FO-PPD-PDPS,"FO Policy Development and Planning Section",NULL,NULL,IX-FO-PPD,IX,NULL,NULL,NULL,NULL,0,2
704,IX-FO-PPD-SS,"FO Standard Section",NULL,NULL,IX-FO-ORD,IX,NULL,NULL,NULL,NULL,0,2
705,IX-FO-PPD-UCT,"FO Unconditional Cash Transfer",NULL,NULL,IX-FO-PPD,IX,NULL,NULL,NULL,NULL,0,2
706,IX-FO-PROMSD,"FO Promotive Service Division",NULL,NULL,IX-FO-OARDO,IX,NULL,NULL,NULL,NULL,0,2
707,IX-FO-PROMSD-EPAHP,"FO Enhance Partnership Against Hunger and Poverty",NULL,NULL,IX-FO-PROMSD,IX,NULL,NULL,NULL,NULL,0,2
708,IX-FO-PROMSD-SLP,"FO Sustainable Livelihood Program PMO",NULL,NULL,IX-FO-PROSD,IX,NULL,NULL,NULL,NULL,0,2
709,IX-FO-PSD,"FO Protective Service Division",NULL,NULL,IX-FO-OARDO,IX,NULL,NULL,NULL,NULL,0,2
710,IX-FO-PSD-CBS,"FO Capacity Building Section",NULL,NULL,IX-FO-PSD,IX,NULL,NULL,NULL,NULL,0,2
711,IX-FO-PSD-CBSS,"FO Center Based Services Section",NULL,NULL,IX-FO-PSD,IX,NULL,NULL,NULL,NULL,0,2
712,IX-FO-PSD-CIS,"FO Crisis Intervention Section",NULL,NULL,IX-FO-PSD,IX,NULL,NULL,NULL,NULL,0,2
713,IX-FO-PSD-COMBS,"FO Community Based Services Section",NULL,NULL,IX-FO-PSD,IX,NULL,NULL,NULL,NULL,0,2
714,IX-FO-SMU,"FO Social Marketing Unit",NULL,NULL,IX-FO-ORD,IX,NULL,NULL,NULL,NULL,0,2
715,JJWC,"JUVENILE JUSTICE AND WELFARE COUNCIL",NULL,NULL,NULL,CO,8,"2021-09-21 10:26:26",4,"2022-05-02 14:25:25",0,5
716,KC-NPMO,"KALAHI-CIDSS - National Program Management Office","DIR. JANET P. ARMAS",NULL,OASSPECPRO,CO,68,"2015-08-29 14:24:55",68,NULL,0,2
717,LS,"Legal Service","OIC-DIR. MARIA CASSANDRA M. URBIZTONDO",NULL,OUSGASS,CO,16,"2014-09-12 16:52:13",68,NULL,0,2
718,LS-LAD,"Legal Service-Legal Assistance Division","MARIA CASSANDRA M. URBIZTONDO",NULL,LS,CO,68,"2019-05-06 07:27:08",68,NULL,0,3
719,LS-LDM,"Legal Service-Legal Management Division","ANDREA NIKKA A. YARANON",NULL,LS,CO,68,"2019-05-06 07:28:58",68,NULL,0,3
720,NCR-FO-4PS-AS,"FO Pantawid - Administrative Section",NULL,NULL,NCR-FO-4PS,NCR,NULL,NULL,NULL,NULL,0,2
721,NCR-FO-4PS-BDM,"FO Pantawid - Beneficiary Data Management Section",NULL,NULL,NCR-FO-4PS,NCR,NULL,NULL,NULL,NULL,0,2
722,NCR-FO-4PS-CBS,"FO Pantawid - Capability Building Division",NULL,NULL,NCR-FO-4PS,NCR,NULL,NULL,NULL,NULL,0,2
723,NCR-FO-4PS-CVS,"FO Pantawid - Compliance Verification Section",NULL,NULL,NCR-FO-4PS,NCR,NULL,NULL,NULL,NULL,0,2
724,NCR-FO-4PS-FDS,"FO Pantawid - Family Development Section",NULL,NULL,NCR-FO-4PS,NCR,NULL,NULL,NULL,NULL,0,2
725,NCR-FO-4PS-GRS,"FO Pantawid - Grievance Redress Section",NULL,NULL,NCR-FO-4PS,NCR,NULL,NULL,NULL,NULL,0,2
726,NCR-FO-4PS-IPD,"FO Pantawid - Institutional Partnership Section",NULL,NULL,NCR-FO-4PS,NCR,NULL,NULL,NULL,NULL,0,2
727,NCR-FO-4PS-MCCT,"FO Pantawid - Modified Conditional Cash Transfer Section",NULL,NULL,NCR-FO-4PS,NCR,NULL,NULL,NULL,NULL,0,2
728,NCR-FO-4PS-OPS,"FO Pantawid - Operation",NULL,NULL,NCR-FO-4PS,NCR,NULL,NULL,NULL,NULL,0,2
729,NCR-FO-4PS-PMES,"FO Pantawid - Planning and Monitoring and Evaluation Section",NULL,NULL,NCR-FO-4PS,NCR,NULL,NULL,NULL,NULL,0,2
730,NCR-FO-4PS-RPMO,"FO Pantawid Regional Program Management Office",NULL,NULL,NCR-FO-PROSD,NCR,NULL,NULL,NULL,NULL,0,2
731,NCR-FO-4PS-SMU,"FO Pantawid - Social Marketing Unit",NULL,NULL,NCR-FO-4PS,NCR,NULL,NULL,NULL,NULL,0,2
732,NCR-FO-4PS-SSDMS,"FO Pantawid - Social Services Delivery and Management Section",NULL,NULL,NCR-FO-4PS,NCR,NULL,NULL,NULL,NULL,0,2
733,NCR-FO-AD,"FO Administrative Division",NULL,NULL,NCR-FO-OARDA,NCR,NULL,NULL,NULL,NULL,0,2
734,NCR-FO-AD-GSS,"FO General Service Section",NULL,NULL,NCR-FO-AD,NCR,NULL,NULL,NULL,NULL,0,2
735,NCR-FO-AD-PS,"FO Procurement Section",NULL,NULL,NCR-FO-AD,NCR,NULL,NULL,NULL,NULL,0,2
736,NCR-FO-AD-PSS,"FO Property and Supply Section",NULL,NULL,NCR-FO-AD,NCR,NULL,NULL,NULL,NULL,0,2
737,NCR-FO-AD-RAMS,"FO Records Management Section",NULL,NULL,NCR-FO-AD,NCR,NULL,NULL,NULL,NULL,0,2
738,NCR-FO-ALL,"All DSWD Field Office NCR",NULL,NULL,NULL,NCR,NULL,NULL,NULL,NULL,0,2
739,NCR-FO-BAC,"FO Bids and Awards Committee",NULL,NULL,NULL,NCR,NULL,NULL,NULL,NULL,0,2
740,NCR-FO-CBS-MTA,"FO Minors Travelling Abroad Office",NULL,NULL,NCR-FO-PSD-COMBS,NCR,NULL,NULL,NULL,NULL,0,2
741,NCR-FO-CBSS-ANVRC,"FO A/NVRC Island Cluster",NULL,NULL,NCR-FO-PSD-CBSS,NCR,NULL,NULL,NULL,NULL,0,2
742,NCR-FO-CBSS-EGV,"FO CBSS Elsie Gaches VIllage",NULL,NULL,IV-B-FO-PSD,NCR,NULL,NULL,NULL,NULL,0,2
743,NCR-FO-CBSS-HFC,"FO CBSS Haven for Children",NULL,NULL,IV-B-FO-PSD,NCR,NULL,NULL,NULL,NULL,0,2
744,NCR-FO-CBSS-INA,"FO CBSS INA Healing Center",NULL,NULL,IV-B-FO-PSD,NCR,NULL,NULL,NULL,NULL,0,2
745,NCR-FO-CBSS-JFC,"FO CBSS Jose Fabella Center",NULL,NULL,IV-B-FO-PSD,NCR,NULL,NULL,NULL,NULL,0,2
746,NCR-FO-CBSS-MH,"FO CBSS Marillac Hills ",NULL,NULL,IV-B-FO-PSD,NCR,NULL,NULL,NULL,NULL,0,2
747,NCR-FO-CBSS-RHGW,"FO Regional Home for Girls and Women",NULL,NULL,NCR-FO-PSD-CBSS,NCR,NULL,NULL,NULL,NULL,0,2
748,NCR-FO-CBSS-RSCC,"FO Reception and Study Center for Children",NULL,NULL,NCR-FO-PSD-CBSS,NCR,NULL,NULL,NULL,NULL,0,2
749,NCR-FO-CBSS-RSCY,"FO Regional Rehabilitation Center for Youth",NULL,NULL,NCR-FO-PSD-CBSS,NCR,NULL,NULL,NULL,NULL,0,2
750,NCR-FO-CBSS-RSW,"FO CBSS Rehabilitation Sheltered Workshop",NULL,NULL,IV-B-FO-PSD,NCR,NULL,NULL,NULL,NULL,0,2
751,NCR-FO-CBSS-SC,"FO CBSS Sanctuary Center",NULL,NULL,IV-B-FO-PSD,NCR,NULL,NULL,NULL,NULL,0,2
752,NCR-FO-COA,"FO Commision on Audit",NULL,NULL,NULL,NCR,NULL,NULL,NULL,NULL,0,2
753,NCR-FO-COMBS-ARRS,"FO Adoption Resource and Referral Section",NULL,NULL,NCR-FO-PSD-COMBS,NCR,NULL,NULL,NULL,NULL,0,2
754,NCR-FO-COMBS-SFP,"FO Supplementary Feeding Program",NULL,NULL,NCR-FO-PSD-COMBS,NCR,NULL,NULL,NULL,NULL,0,2
755,NCR-FO-COMBS-SPO,"FO Social Pension Office",NULL,NULL,NCR-FO-PSD-COMBS,NCR,NULL,NULL,NULL,NULL,0,2
756,NCR-FO-DRMD,"FO Disaster Response Management Division",NULL,NULL,NCR-FO-OARDO,NCR,NULL,NULL,NULL,NULL,0,2
757,NCR-FO-DRMD-DRIMS,"FO Regional Response & Information Management Section",NULL,NULL,NCR-FO-DRMD,NCR,NULL,NULL,NULL,NULL,0,2
758,NCR-FO-DRMD-DRRMS,"FO Disaster Response Rehabilitation Managment Section",NULL,NULL,NCR-FO-DRMD,NCR,NULL,NULL,NULL,NULL,0,2
759,NCR-FO-DRMD-RROS,"FO Regiona Resource Operation Section",NULL,NULL,NCR-FO-DRMD,NCR,NULL,NULL,NULL,NULL,0,2
760,NCR-FO-FMD,"FO Financial Management Division",NULL,NULL,NCR-FO-OARDA,NCR,NULL,NULL,NULL,NULL,0,2
761,NCR-FO-FMD-AS,"FO Accounting Section",NULL,NULL,NCR-FO-FMD,NCR,NULL,NULL,NULL,NULL,0,2
762,NCR-FO-FMD-BS,"FO Budget Section",NULL,NULL,NCR-FO-FMD,NCR,NULL,NULL,NULL,NULL,0,2
763,NCR-FO-FMD-CS,"FO Cash Section",NULL,NULL,NCR-FO-FMD,NCR,NULL,NULL,NULL,NULL,0,2
764,NCR-FO-HRMDD,"FO Human Resource Management and Development Division",NULL,NULL,NCR-FO-OARDA,NCR,NULL,NULL,NULL,NULL,0,2
765,NCR-FO-HRMDD-HRPPMS,"FO Human Resource Planning and Performance Management Section",NULL,NULL,NCR-FO-HRMDD,NCR,NULL,NULL,NULL,NULL,0,2
766,NCR-FO-HRMDD-HRWS,"FO Human Resource Welfare Section",NULL,NULL,NCR-FO-HRMDD,NCR,NULL,NULL,NULL,NULL,0,2
767,NCR-FO-HRMDD-LDS,"FO Learning and Development Section",NULL,NULL,NCR-FO-HRMDD,NCR,NULL,NULL,NULL,NULL,0,2
768,NCR-FO-HRMDD-PAS,"FO Personal Administration Section",NULL,NULL,NCR-FO-HRMDD,NCR,NULL,NULL,NULL,NULL,0,2
769,NCR-FO-IAU,"FO Internal Audit Unit",NULL,NULL,NCR-FO-ORD,NCR,NULL,NULL,NULL,NULL,0,2
770,NCR-FO-KC,"FO Kalhi-CIDSS PMO",NULL,NULL,NCR-FO-PROSD,NCR,NULL,NULL,NULL,NULL,0,2
771,NCR-FO-LU,"FO Legal Unit",NULL,NULL,NCR-FO-ORD,NCR,NULL,NULL,NULL,NULL,0,2
772,NCR-FO-OARDA,"FO Office of Assistant Regional Director for Administration",NULL,NULL,NCR-FO-ORD,NCR,NULL,NULL,NULL,NULL,0,2
773,NCR-FO-OARDO,"FO Office of Assistant Regional Director for Operation",NULL,NULL,NCR-FO-ORD,NCR,NULL,NULL,NULL,NULL,0,2
774,NCR-FO-ORD,"FO Office of the Regional Director",NULL,NULL,NULL,NCR,NULL,NULL,NULL,NULL,0,2
775,NCR-FO-ORD-STU,"FO Social Technology Unit",NULL,NULL,III-FO-ORD,NCR,NULL,NULL,NULL,NULL,0,2
776,NCR-FO-PPD,"FO Policy and Plans Division",NULL,NULL,NCR-FO-ORD,NCR,NULL,NULL,NULL,NULL,0,2
777,NCR-FO-PPD-ICT,"FO Information & Planning Communication Technology Section",NULL,NULL,NCR-FO-ORD,NCR,NULL,NULL,NULL,NULL,0,2
778,NCR-FO-PPD-NHTS,"FO National Household Targetting Section",NULL,NULL,NCR-FO-ORD,NCR,NULL,NULL,NULL,NULL,0,2
779,NCR-FO-PPD-PDPS,"FO Policy Development and Planning Section",NULL,NULL,III-FO-PPD,NCR,NULL,NULL,NULL,NULL,0,2
780,NCR-FO-PPD-SS,"FO Standard Section",NULL,NULL,NCR-FO-ORD,NCR,NULL,NULL,NULL,NULL,0,2
781,NCR-FO-PPD-UCT,"FO Unconditional Cash Transfer",NULL,NULL,III-FO-PPD,NCR,NULL,NULL,NULL,NULL,0,2
782,NCR-FO-PROMSD,"FO Promotive Service Division",NULL,NULL,NCR-FO-OARDO,NCR,NULL,NULL,NULL,NULL,0,2
783,NCR-FO-PROMSD-EPAHP,"FO Enhance Partnership Against Hunger and Poverty",NULL,NULL,III-FO-PROMSD,NCR,NULL,NULL,NULL,NULL,0,2
784,NCR-FO-PROMSD-SLP,"FO Sustainable Livelihood Program PMO",NULL,NULL,NCR-FO-PROSD,NCR,NULL,NULL,NULL,NULL,0,2
785,NCR-FO-PSD,"FO Protective Service Division",NULL,NULL,NCR-FO-OARDO,NCR,NULL,NULL,NULL,NULL,0,2
786,NCR-FO-PSD-CBS,"FO Capacity Building Section",NULL,NULL,NCR-FO-PSD,NCR,NULL,NULL,NULL,NULL,0,2
787,NCR-FO-PSD-CBSS,"FO Center Based Services Section",NULL,NULL,NCR-FO-PSD,NCR,NULL,NULL,NULL,NULL,0,2
788,NCR-FO-PSD-CIS,"FO Crisis Intervention Section",NULL,NULL,NCR-FO-PSD,NCR,NULL,NULL,NULL,NULL,0,2
789,NCR-FO-PSD-COMBS,"FO Community Based Services Section",NULL,NULL,NCR-FO-PSD,NCR,NULL,NULL,NULL,NULL,0,2
790,NCR-FO-SMU,"FO Social Marketing Unit",NULL,NULL,NCR-FO-ORD,NCR,NULL,NULL,NULL,NULL,0,2
791,NHTO,"National Household Targeting Office","DIR. JUSTIN CAESAR ANTHONY D. BATOCABE",NULL,OASOSEC,CO,16,"2014-09-12 17:27:28",68,NULL,0,2
792,NHTO-ITD,"National Household Targeting Office-Information  Technology Division","OIC DC. JOHN PATRICK S. LA-ANAN",NULL,NHTO,CO,68,"2019-05-06 07:43:05",68,NULL,0,3
793,NHTO-OPSD,"National Household Targeting Office-Operations Division","OIC DC. ALJO R. QUINTANS",NULL,NHTO,CO,68,"2019-05-06 07:44:05",68,NULL,0,3
794,NRLMB,"National Resource and Logistics Management Bureau","DIR. EMMANUEL P. PRIVADO",NULL,OASDRM,CO,68,"2019-05-06 07:55:18",68,NULL,0,2
795,NRLMB-AD,"National Resource and Logistics Management Bureau-Administrative Division","OIC DC.SOFIA D. MENDIOLA",NULL,NRLMB,CO,68,"2019-05-06 07:54:16",68,NULL,0,3
796,NRLMB-LMD,"National Resource and Logistics Management Bureau-Logistics Management Division","OIC DC. RONALD J. REONAL",NULL,NRLMB,CO,68,"2019-05-06 07:56:02",68,NULL,0,3
797,NRLMB-RMB,"National Resource and Logistics Management Bureau-Resource Management Division","OIC DC. EUNICE A. ANGCAO",NULL,NRLMB,CO,68,"2019-05-06 07:57:16",68,NULL,0,3
798,O,O,"GERMAINE TRITTLE P. LEONIN",NULL,PMS,CO,68,"2019-05-06 14:51:49",14,"2022-02-22 10:48:06",0,3
799,OAS-A,"Office of the Assistant Secretary for Administration","ASEC. RODOLFO M. SANTOS",NULL,"OUS GASS",CO,68,"2019-05-06 08:00:17",102,"2022-02-24 14:59:40",0,1
800,OAS-DRM,"Office of the Assistant Secretary for Disaster Response Management","ASEC. RODOLFO M. ENCABO",NULL,OUSDRM,CO,68,"2020-02-13 10:34:28",102,"2022-02-24 14:59:50",0,1
801,OAS-LA,"Office of the Assistant Secretary for Luzon Affairs","ASEC. JOSE ANTONIO R. HERNANDEZ",NULL,"OUS SC",CO,68,"2019-05-06 08:32:45",102,"2022-02-24 15:00:16",0,1
802,OAS-MA,"Office of the Assistant Secretary for Mindanao Affairs ",NULL,NULL,NULL,CO,14,"2022-02-07 14:21:20",102,"2022-02-24 08:14:25",0,1
803,OAS-OSEC,"Office of the Assistant Secretary for OSEC Concerns","ASEC. JOSE ANTONIO R. HERNANDEZ",NULL,OUSSWD,CO,68,"2019-03-04 10:16:39",102,"2022-02-24 15:00:41",0,1
804,OAS-PP,"Office of the Assistant Secretary for Policy and Plans","ASEC. JOSELINE P. NIWANE",NULL,OUSPP,CO,68,"2019-05-06 08:54:40",102,"2022-02-24 15:00:56",0,1
805,OAS-SCB,"Office of the Assistant Secretary for Standards and Capacity Building","ASEC. NOEL M. MACALALAD",NULL,OUSSCB,CO,68,"2019-05-06 09:31:13",102,"2022-02-24 15:01:12",0,1
806,OAS-SPP,"Office of the Assistant Secretary for Specialized Programs","ASEC. RHEA B. PEÑAFLOR",NULL,OUSOPERATIONS,CO,68,"2019-05-06 09:17:46",102,"2022-02-24 15:01:24",0,1
807,OAS-SS,"Office of the Assistant Secretary for Support Services","OIC MARIA CASSANDRA M. URBIZTONDO",NULL,OUSGASS,CO,68,"2019-05-06 09:46:01",102,"2022-02-24 15:01:35",0,1
808,OAS-STP,"Office of the Assistant Secretary for Statutory Programs","ASEC. GLENDA D. RELOVA",NULL,OUSOPERATIONS,CO,68,"2019-05-06 09:38:00",102,"2022-02-24 15:01:53",0,1
809,OAS-VA,"Office of the Assistant Secretary for Visayas Affairs","MARIJOY D. SEGUI",NULL,OUSSC,CO,68,"2019-05-06 09:59:51",102,"2022-02-24 15:02:10",0,1
810,OO,OO,NULL,NULL,NULL,CO,13,"2022-02-02 11:24:50",3,"2022-07-29 16:24:58",1,1
811,OOO,"Office of the Undersecretary for Special Concerns1","USEC. CAMILO G. GUDMALIN",NULL,OSEC,CO,68,"2019-05-06 14:06:01",3,"2022-07-29 16:25:11",1,1
812,OSEC,"Office of the Secretary","SEC. ROLANDO JOSELITO D. BAUTISTA",NULL,OSEC,CO,16,"2014-09-12 17:31:08",68,NULL,0,1
813,OSM,"Office for Strategy Management ",NULL,NULL,NULL,CO,13,"2022-02-02 14:46:46",14,"2022-02-22 09:17:15",0,3
814,OUS-DRM,"Office of the Undersecretary for Disaster Response Management","USEC. FELICISIMO C. BUDIONGAN",NULL,OSEC,CO,68,"2019-05-06 13:45:48",102,"2022-02-24 15:02:23",0,1
815,OUS-GASS,"Office of the Undersecretary for General Administration and Support Services","USEC. JOSE ERNESTO B. GAVIOLA",NULL,OSEC,CO,68,"2019-05-06 13:53:20",102,"2022-02-24 15:02:33",0,1
816,OUS-ISP,"Office of the Undersecretary for Inclusive and Sustainable Peace","USEC. RENE GLEN O. PAJE",NULL,OSEC,CO,68,"2019-03-26 11:04:34",102,"2022-02-24 15:02:46",0,1
817,OUS-LLA,"Office of the Undersecretary for Legislative and Liaison Affairs",NULL,NULL,NULL,CO,4,"2022-02-07 09:03:37",4,"2022-02-07 09:09:07",0,1
818,OUS-O,"Office of the Undersecretary for Operations","USEC. AIMEE T. NERI",NULL,OSEC,CO,68,"2019-05-06 10:29:01",102,"2022-02-24 15:02:55",0,1
819,OUS-PP,"Office of the Undersecretary for Policy and Plans","USEC. LUZVIMINDA C. ILAGAN",NULL,OSEC,CO,68,"2019-05-06 13:59:37",102,"2022-02-24 15:03:07",0,1
820,OUS-SC,"Office of the Undersecretary for Special Concerns",NULL,NULL,NULL,CO,13,"2022-02-02 12:31:37",102,"2022-03-02 08:50:04",0,1
821,OUS-SCB,"Office of the Undersecretary for Standards and Capacity Building","USEC. FLORITA R. VILLAR",NULL,OSEC,CO,68,"2019-05-06 14:20:30",102,"2022-02-24 15:03:37",0,1
822,OUS-SP,"Office of the Undersecretary for Special Projects","USEC. MARK ALLAN JAY G. YAMBAO",NULL,OSEC,CO,68,"2019-05-06 14:15:01",102,"2022-02-24 15:03:52",0,1
823,OUS-SWD,"Office of the Undersecretary for Social Welfare and Development","USEC. DANILO G. PAMONAG",NULL,OSEC,CO,68,"2019-04-02 16:26:32",102,"2022-02-24 15:04:03",0,1
824,PDPB,"Policy Development and Planning Bureau","DIR. RHODORA GARCES ALDAY",NULL,OUSPP,CO,16,"2014-09-12 17:29:06",68,NULL,0,2
825,PDPB-GRD,"Policy Development and Planning Bureau-Governance and Roadmap Division","OIC DC. LOIDA M. VILLANUEVA",NULL,PDPB,CO,68,"2019-05-06 14:31:01",68,NULL,0,3
826,PDPB-PEAD,"Policy Development and Planning Bureau-Policy and External Affairs Division","OIC DC. CATHERINE GRACE M. LAGUNDAY",NULL,PDPB,CO,68,"2019-05-06 14:33:32",68,NULL,0,3
827,PDPB-PMD,"Policy Development and Planning Bureau-Planning and Monitoring Division","OIC DC. MARIVIC U. VERGARA",NULL,PDPB,CO,68,"2019-05-06 14:32:27",68,NULL,0,3
828,PDPB-RED,"Policy Development and Planning Bureau-Research and Evaluation Division","CYNTHIA B. LAGASCA",NULL,PDPB,CO,68,"2019-05-06 14:34:35",68,NULL,0,3
829,PMB,"Program Management Bureau","DIR. WILMA D. NAVIAMOS",NULL,OASSTPRO,CO,68,"2019-02-08 11:34:01",68,NULL,0,2
830,PMB-AF,"Program Management Bureau-Administrative and Finance Unit","DIR. WILMA D. NAVIAMOS",NULL,"OUS OPERATIONS",CO,68,"2019-05-08 15:13:58",68,NULL,0,3
831,PMB-ARRD,"Program Management Bureau-Adoption Resource and Referral Division","OIC DC. IRISH M. OPEÑA",NULL,PMB,CO,68,"2019-05-06 15:04:47",68,NULL,0,3
832,PMB-CDD,"Program Management Bureau-Center Development Division","ROSALIE D. DAGULO",NULL,PMB,CO,68,"2019-05-06 15:05:26",68,NULL,0,3
833,PMB-CID,"Program Management Bureau-Crisis Intervention Division","OIC DC. IRENE R. MALONG",NULL,PMB,CO,68,"2019-05-06 15:06:07",278,"2022-02-02 11:16:42",0,3
834,PMB-ME,"Program Management Bureau-Monitoring and Evaluation Unit","DIR. WILMA D. NAVIAMOS",NULL,PMB,CO,68,"2019-05-08 15:40:27",68,NULL,0,3
835,PMB-NID,"Program Management Bureau-National Inspectorate Division","OIC DC. JOANNA L. HIZON",NULL,PMB,CO,68,"2019-05-06 15:06:47",68,NULL,0,3
836,PMB-SPD,"Program Management Bureau-Sectoral Programs Division","OIC DC. MIRAMEL G. LAXA",NULL,PMB,CO,68,"2019-05-06 15:07:10",68,NULL,0,3
837,RGMO,"Resource Generation and Management Office",NULL,NULL,OASPP,CO,68,"2019-05-06 15:09:05",68,NULL,0,2
838,RMO,"Risk Management Office",NULL,NULL,NULL,CO,3,"2021-11-12 13:55:51",14,"2022-02-14 09:48:48",0,2
839,SB,"Standards Bureau","OIC-DIR. CYNTHIA V. ILANO",NULL,OASSCB,CO,16,"2014-09-12 16:59:56",68,NULL,0,2
840,SB-SCMD,"Standards Bureau-Standards Compliance Monitoring Division","PRISCILA Y. NITAFAN",NULL,SB,CO,68,"2019-05-08 16:05:17",68,NULL,0,3
841,SB-SDD,"Standards Bureau-Standards Development Division","OIC DC. ANNA MARIA ALEXA G. LEDESMA",NULL,SB,CO,68,"2019-05-06 15:39:27",68,NULL,0,3
842,SB-SEAD,"Standards Bureau-Standards Enforcement and Advocacy Division","OIC DC. CHARITO P. ESTEBAN",NULL,SB,CO,68,"2019-05-06 15:40:06",68,NULL,0,3
843,SLP,"Sustainable Livelihood Program","DIR. RESTITUTO B. MACUTO",NULL,OASSPECPRO,CO,16,"2014-09-12 17:21:02",68,NULL,0,2
844,SMS,"Social Marketing Service","DIR. IRENE B. DUMLAO",NULL,OASOSEC,CO,16,"2014-09-12 16:45:15",68,NULL,0,2
845,SMS-CAD,"Social Marketing Service-Complaints and Assistance Division",NULL,NULL,SMS,CO,68,"2019-05-06 15:19:55",68,NULL,0,3
846,SMS-CDRD,"Social Marketing Service-Communication Development and Research Division","ANA MARIE P. DAEP",NULL,SMS,CO,68,"2019-05-06 15:19:04",68,NULL,0,3
847,SMS-MPD,"Social Marketing Service-Media Production Division","GENALOR D. FISCHER",NULL,SMS,CO,68,"2019-05-06 15:20:41",68,NULL,0,3
848,SMS-PAAD,"Social Marketing Service-Public Affairs and Advocacy Division","MATILDE MYLA B. MONSOD",NULL,SMS,CO,68,"2019-05-06 15:21:27",68,NULL,0,3
849,STB,"Social Technology Bureau","OIC DIR. HELEN Y. SUZARA",NULL,OASSCB,CO,16,"2014-09-12 17:06:43",68,NULL,0,2
850,STB-PID,"Social Technology Bureau-Pilot Implementation Division","MELVIN C. DAYRIT",NULL,STB,CO,68,"2019-05-06 15:28:44",14,"2022-02-24 07:59:46",0,3
851,STB-PRID,"Social Technology Bureau-Promotion And Institutionalization Division","MARILYN B. MORAL",NULL,STB,CO,68,"2019-05-06 15:30:04",14,"2022-02-24 08:00:50",0,3
852,STB-RDD,"Social Technology Bureau-Research And Design Division","OIC DC. CAMILLE ANNE F. TAGUBA",NULL,STB,CO,68,"2019-05-06 15:31:13",68,NULL,0,3
853,SWEAP,"Social Welfare Employee Association of the Philippines","DIR. LEONARDO C. REYNOSO",NULL,HRMDS,CO,16,"2017-05-11 07:45:54",68,NULL,0,3
854,SWIDB,"Social Welfare Institutional Development Bureau","ASEC. NOEL M. MACALALAD",NULL,OASSCB,CO,68,"2018-07-31 17:15:05",68,NULL,0,2
855,SWIDB-CBD,"Social Welfare Institutional Development Bureau-Capability Building Division","OIC DC. LEELIN G. DINO",NULL,SWIDB,CO,68,"2019-05-06 15:34:11",68,NULL,0,3
856,SWIDB-KMD,"Social Welfare Institutional Development Bureau-Knowledge Management Division","OIC DC. PRECILIA A. DOCUYANAN",NULL,SWIDB,CO,68,"2019-05-06 15:35:00",326,"2022-02-02 13:17:26",0,3
857,SWIDB-LNDD,"Social Welfare Institutional Development Bureau-Learning Network Development Division","OIC DC. EFLEDA JOYCE S. CONSULTA",NULL,SWIDB,CO,68,"2019-05-06 15:35:53",68,NULL,0,3
858,UCT,"Unconditional Cash Transfer-National Project Management Office","ASEC. NOEL M. MACALALAD",NULL,OASSTPRO,CO,68,"2018-04-02 13:35:10",68,NULL,0,NULL
859,V-FO-4PS-AS,"FO Pantawid - Administrative Section",NULL,NULL,V-FO-4PS,V,NULL,NULL,NULL,NULL,0,2
860,V-FO-4PS-BDM,"FO Pantawid - Beneficiary Data Management Section",NULL,NULL,V-FO-4PS,V,NULL,NULL,NULL,NULL,0,2
861,V-FO-4PS-CBS,"FO Pantawid - Capability Building Division",NULL,NULL,V-FO-4PS,V,NULL,NULL,NULL,NULL,0,2
862,V-FO-4PS-CVS,"FO Pantawid - Compliance Verification Section",NULL,NULL,V-FO-4PS,V,NULL,NULL,NULL,NULL,0,2
863,V-FO-4PS-FDS,"FO Pantawid - Family Development Section",NULL,NULL,V-FO-4PS,V,NULL,NULL,NULL,NULL,0,2
864,V-FO-4PS-GRS,"FO Pantawid - Grievance Redress Section",NULL,NULL,V-FO-4PS,V,NULL,NULL,NULL,NULL,0,2
865,V-FO-4PS-IPD,"FO Pantawid - Institutional Partnership Section",NULL,NULL,V-FO-4PS,V,NULL,NULL,NULL,NULL,0,2
866,V-FO-4PS-MCCT,"FO Pantawid - Modified Conditional Cash Transfer Section",NULL,NULL,V-FO-4PS,V,NULL,NULL,NULL,NULL,0,2
867,V-FO-4PS-OPS,"FO Pantawid - Operation",NULL,NULL,V-FO-4PS,V,NULL,NULL,NULL,NULL,0,2
868,V-FO-4PS-PMES,"FO Pantawid - Planning and Monitoring and Evaluation Section",NULL,NULL,V-FO-4PS,V,NULL,NULL,NULL,NULL,0,2
869,V-FO-4PS-RPMO,"FO Pantawid Regional Program Management Office",NULL,NULL,V-FO-PROSD,V,NULL,NULL,NULL,NULL,0,2
870,V-FO-4PS-SMU,"FO Pantawid - Social Marketing Unit",NULL,NULL,V-FO-4PS,V,NULL,NULL,NULL,NULL,0,2
871,V-FO-4PS-SSDMS,"FO Pantawid - Social Services Delivery and Management Section",NULL,NULL,V-FO-4PS,V,NULL,NULL,NULL,NULL,0,2
872,V-FO-AD,"FO Administrative Division",NULL,NULL,V-FO-OARDA,V,NULL,NULL,NULL,NULL,0,2
873,V-FO-AD-GSS,"FO General Service Section",NULL,NULL,V-FO-AD,V,NULL,NULL,NULL,NULL,0,2
874,V-FO-AD-PS,"FO Procurement Section",NULL,NULL,V-FO-AD,V,NULL,NULL,NULL,NULL,0,2
875,V-FO-AD-PSS,"FO Property and Supply Section",NULL,NULL,V-FO-AD,V,NULL,NULL,NULL,NULL,0,2
876,V-FO-AD-RAMS,"FO Records Management Section",NULL,NULL,V-FO-AD,V,NULL,NULL,NULL,NULL,0,2
877,V-FO-ALL,"All DSWD Field Office V",NULL,NULL,NULL,V,NULL,NULL,NULL,NULL,0,2
878,V-FO-BAC,"FO Bids and Awards Committee",NULL,NULL,NULL,V,NULL,NULL,NULL,NULL,0,2
879,V-FO-CBS-MTA,"FO Minors Travelling Abroad Office",NULL,NULL,V-FO-PSD-COMBS,V,NULL,NULL,NULL,NULL,0,2
880,V-FO-CBSS-ANVRC,"FO A/NVRC Island Cluster",NULL,NULL,V-FO-PSD-CBSS,V,NULL,NULL,NULL,NULL,0,2
881,V-FO-CBSS-RHGW,"FO Regional Home for Girls and Women",NULL,NULL,V-FO-PSD-CBSS,V,NULL,NULL,NULL,NULL,0,2
882,V-FO-CBSS-RSCC,"FO Reception and Study Center for Children",NULL,NULL,V-FO-PSD-CBSS,V,NULL,NULL,NULL,NULL,0,2
883,V-FO-CBSS-RSCY,"FO Regional Rehabilitation Center for Youth",NULL,NULL,V-FO-PSD-CBSS,V,NULL,NULL,NULL,NULL,0,2
884,V-FO-COA,"FO Commision on Audit",NULL,NULL,NULL,V,NULL,NULL,NULL,NULL,0,2
885,V-FO-COMBS-ARRS,"FO Adoption Resource and Referral Section",NULL,NULL,V-FO-PSD-COMBS,V,NULL,NULL,NULL,NULL,0,2
886,V-FO-COMBS-SFP,"FO Supplementary Feeding Program",NULL,NULL,V-FO-PSD-COMBS,V,NULL,NULL,NULL,NULL,0,2
887,V-FO-COMBS-SPO,"FO Social Pension Office",NULL,NULL,V-FO-PSD-COMBS,V,NULL,NULL,NULL,NULL,0,2
888,V-FO-DRMD,"FO Disaster Response Management Division",NULL,NULL,V-FO-OARDO,V,NULL,NULL,NULL,NULL,0,2
889,V-FO-DRMD-DRIMS,"FO Regional Response & Information Management Section",NULL,NULL,V-FO-DRMD,V,NULL,NULL,NULL,NULL,0,2
890,V-FO-DRMD-DRRMS,"FO Disaster Response Rehabilitation Managment Section",NULL,NULL,V-FO-DRMD,V,NULL,NULL,NULL,NULL,0,2
891,V-FO-DRMD-RROS,"FO Regiona Resource Operation Section",NULL,NULL,V-FO-DRMD,V,NULL,NULL,NULL,NULL,0,2
892,V-FO-FMD,"FO Financial Management Division",NULL,NULL,V-FO-OARDA,V,NULL,NULL,NULL,NULL,0,2
893,V-FO-FMD-AS,"FO Accounting Section",NULL,NULL,V-FO-FMD,V,NULL,NULL,NULL,NULL,0,2
894,V-FO-FMD-BS,"FO Budget Section",NULL,NULL,V-FO-FMD,V,NULL,NULL,NULL,NULL,0,2
895,V-FO-FMD-CS,"FO Cash Section",NULL,NULL,V-FO-FMD,V,NULL,NULL,NULL,NULL,0,2
896,V-FO-HRMDD,"FO Human Resource Management and Development Division",NULL,NULL,V-FO-OARDA,V,NULL,NULL,NULL,NULL,0,2
897,V-FO-HRMDD-HRPPMS,"FO Human Resource Planning and Performance Management Section",NULL,NULL,V-FO-HRMDD,V,NULL,NULL,NULL,NULL,0,2
898,V-FO-HRMDD-HRWS,"FO Human Resource Welfare Section",NULL,NULL,V-FO-HRMDD,V,NULL,NULL,NULL,NULL,0,2
899,V-FO-HRMDD-LDS,"FO Learning and Development Section",NULL,NULL,V-FO-HRMDD,V,NULL,NULL,NULL,NULL,0,2
900,V-FO-HRMDD-PAS,"FO Personal Administration Section",NULL,NULL,V-FO-HRMDD,V,NULL,NULL,NULL,NULL,0,2
901,V-FO-IAU,"FO Internal Audit Unit",NULL,NULL,V-FO-ORD,V,NULL,NULL,NULL,NULL,0,2
902,V-FO-KC,"FO Kalhi-CIDSS PMO",NULL,NULL,V-FO-PROSD,V,NULL,NULL,NULL,NULL,0,2
903,V-FO-LU,"FO Legal Unit",NULL,NULL,V-FO-ORD,V,NULL,NULL,NULL,NULL,0,2
904,V-FO-OARDA,"FO Office of Assistant Regional Director for Administration",NULL,NULL,V-FO-ORD,V,NULL,NULL,NULL,NULL,0,2
905,V-FO-OARDO,"FO Office of Assistant Regional Director for Operation",NULL,NULL,V-FO-ORD,V,NULL,NULL,NULL,NULL,0,2
906,V-FO-ORD,"FO Office of the Regional Director",NULL,NULL,NULL,V,NULL,NULL,NULL,NULL,0,2
907,V-FO-ORD-STU,"FO Social Technology Unit",NULL,NULL,V-FO-ORD,V,NULL,NULL,NULL,NULL,0,2
908,V-FO-PPD,"FO Policy and Plans Division",NULL,NULL,V-FO-ORD,V,NULL,NULL,NULL,NULL,0,2
909,V-FO-PPD-ICT,"FO Information & Planning Communication Technology Section",NULL,NULL,V-FO-ORD,V,NULL,NULL,NULL,NULL,0,2
910,V-FO-PPD-NHTS,"FO National Household Targetting Section",NULL,NULL,V-FO-ORD,V,NULL,NULL,NULL,NULL,0,2
911,V-FO-PPD-PDPS,"FO Policy Development and Planning Section",NULL,NULL,V-FO-PPD,V,NULL,NULL,NULL,NULL,0,2
912,V-FO-PPD-SS,"FO Standard Section",NULL,NULL,V-FO-ORD,V,NULL,NULL,NULL,NULL,0,2
913,V-FO-PPD-UCT,"FO Unconditional Cash Transfer",NULL,NULL,V-FO-PPD,V,NULL,NULL,NULL,NULL,0,2
914,V-FO-PROMSD,"FO Promotive Service Division",NULL,NULL,V-FO-OARDO,V,NULL,NULL,NULL,NULL,0,2
915,V-FO-PROMSD-EPAHP,"FO Enhance Partnership Against Hunger and Poverty",NULL,NULL,V-FO-PROMSD,V,NULL,NULL,NULL,NULL,0,2
916,V-FO-PROMSD-SLP,"FO Sustainable Livelihood Program PMO",NULL,NULL,V-FO-PROSD,V,NULL,NULL,NULL,NULL,0,2
917,V-FO-PSD,"FO Protective Service Division",NULL,NULL,V-FO-OARDO,V,NULL,NULL,NULL,NULL,0,2
918,V-FO-PSD-CBS,"FO Capacity Building Section",NULL,NULL,V-FO-PSD,V,NULL,NULL,NULL,NULL,0,2
919,V-FO-PSD-CBSS,"FO Center Based Services Section",NULL,NULL,V-FO-PSD,V,NULL,NULL,NULL,NULL,0,2
920,V-FO-PSD-CIS,"FO Crisis Intervention Section",NULL,NULL,V-FO-PSD,V,NULL,NULL,NULL,NULL,0,2
921,V-FO-PSD-COMBS,"FO Community Based Services Section",NULL,NULL,V-FO-PSD,V,NULL,NULL,NULL,NULL,0,2
922,V-FO-SMU,"FO Social Marketing Unit",NULL,NULL,V-FO-ORD,V,NULL,NULL,NULL,NULL,0,2
923,VI-FO-4PS-AS,"FO Pantawid - Administrative Section",NULL,NULL,VI-FO-4PS,VI,NULL,NULL,NULL,NULL,0,2
924,VI-FO-4PS-BDM,"FO Pantawid - Beneficiary Data Management Section",NULL,NULL,VI-FO-4PS,VI,NULL,NULL,NULL,NULL,0,2
925,VI-FO-4PS-CBS,"FO Pantawid - Capability Building Division",NULL,NULL,VI-FO-4PS,VI,NULL,NULL,NULL,NULL,0,2
926,VI-FO-4PS-CVS,"FO Pantawid - Compliance Verification Section",NULL,NULL,VI-FO-4PS,VI,NULL,NULL,NULL,NULL,0,2
927,VI-FO-4PS-FDS,"FO Pantawid - Family Development Section",NULL,NULL,VI-FO-4PS,VI,NULL,NULL,NULL,NULL,0,2
928,VI-FO-4PS-GRS,"FO Pantawid - Grievance Redress Section",NULL,NULL,VI-FO-4PS,VI,NULL,NULL,NULL,NULL,0,2
929,VI-FO-4PS-IPD,"FO Pantawid - Institutional Partnership Section",NULL,NULL,VI-FO-4PS,VI,NULL,NULL,NULL,NULL,0,2
930,VI-FO-4PS-MCCT,"FO Pantawid - Modified Conditional Cash Transfer Section",NULL,NULL,VI-FO-4PS,VI,NULL,NULL,NULL,NULL,0,2
931,VI-FO-4PS-OPS,"FO Pantawid - Operation",NULL,NULL,VI-FO-4PS,VI,NULL,NULL,NULL,NULL,0,2
932,VI-FO-4PS-PMES,"FO Pantawid - Planning and Monitoring and Evaluation Section",NULL,NULL,VI-FO-4PS,VI,NULL,NULL,NULL,NULL,0,2
933,VI-FO-4PS-RPMO,"FO Pantawid Regional Program Management Office",NULL,NULL,VI-FO-PROSD,VI,NULL,NULL,NULL,NULL,0,2
934,VI-FO-4PS-SMU,"FO Pantawid - Social Marketing Unit",NULL,NULL,VI-FO-4PS,VI,NULL,NULL,NULL,NULL,0,2
935,VI-FO-4PS-SSDMS,"FO Pantawid - Social Services Delivery and Management Section",NULL,NULL,VI-FO-4PS,VI,NULL,NULL,NULL,NULL,0,2
936,VI-FO-AD,"FO Administrative Division",NULL,NULL,VI-FO-OARDA,VI,NULL,NULL,NULL,NULL,0,2
937,VI-FO-AD-GSS,"FO General Service Section",NULL,NULL,VI-FO-AD,VI,NULL,NULL,NULL,NULL,0,2
938,VI-FO-AD-PS,"FO Procurement Section",NULL,NULL,VI-FO-AD,VI,NULL,NULL,NULL,NULL,0,2
939,VI-FO-AD-PSS,"FO Property and Supply Section",NULL,NULL,VI-FO-AD,VI,NULL,NULL,NULL,NULL,0,2
940,VI-FO-AD-RAMS,"FO Records Management Section",NULL,NULL,VI-FO-AD,VI,NULL,NULL,NULL,NULL,0,2
941,VI-FO-ALL,"All DSWD Field Office VI",NULL,NULL,NULL,VI,NULL,NULL,NULL,NULL,0,2
942,VI-FO-BAC,"FO Bids and Awards Committee",NULL,NULL,NULL,VI,NULL,NULL,NULL,NULL,0,2
943,VI-FO-CBS-MTA,"FO Minors Travelling Abroad Office",NULL,NULL,VI-FO-PSD-COMBS,VI,NULL,NULL,NULL,NULL,0,2
944,VI-FO-CBSS-ANVRC,"FO A/NVRC Island Cluster",NULL,NULL,VI-FO-PSD-CBSS,VI,NULL,NULL,NULL,NULL,0,2
945,VI-FO-CBSS-RHGW,"FO Regional Home for Girls and Women",NULL,NULL,VI-FO-PSD-CBSS,VI,NULL,NULL,NULL,NULL,0,2
946,VI-FO-CBSS-RSCC,"FO Reception and Study Center for Children",NULL,NULL,VI-FO-PSD-CBSS,VI,NULL,NULL,NULL,NULL,0,2
947,VI-FO-CBSS-RSCY,"FO Regional Rehabilitation Center for Youth",NULL,NULL,VI-FO-PSD-CBSS,VI,NULL,NULL,NULL,NULL,0,2
948,VI-FO-COA,"FO Commision on Audit",NULL,NULL,NULL,VI,NULL,NULL,NULL,NULL,0,2
949,VI-FO-COMBS-ARRS,"FO Adoption Resource and Referral Section",NULL,NULL,VI-FO-PSD-COMBS,VI,NULL,NULL,NULL,NULL,0,2
950,VI-FO-COMBS-SFP,"FO Supplementary Feeding Program",NULL,NULL,VI-FO-PSD-COMBS,VI,NULL,NULL,NULL,NULL,0,2
951,VI-FO-COMBS-SPO,"FO Social Pension Office",NULL,NULL,VI-FO-PSD-COMBS,VI,NULL,NULL,NULL,NULL,0,2
952,VI-FO-DRMD,"FO Disaster Response Management Division",NULL,NULL,VI-FO-OARDO,VI,NULL,NULL,NULL,NULL,0,2
953,VI-FO-DRMD-DRIMS,"FO Regional Response & Information Management Section",NULL,NULL,VI-FO-DRMD,VI,NULL,NULL,NULL,NULL,0,2
954,VI-FO-DRMD-DRRMS,"FO Disaster Response Rehabilitation Managment Section",NULL,NULL,VI-FO-DRMD,VI,NULL,NULL,NULL,NULL,0,2
955,VI-FO-DRMD-RROS,"FO Regiona Resource Operation Section",NULL,NULL,VI-FO-DRMD,VI,NULL,NULL,NULL,NULL,0,2
956,VI-FO-FMD,"FO Financial Management Division",NULL,NULL,VI-FO-OARDA,VI,NULL,NULL,NULL,NULL,0,2
957,VI-FO-FMD-AS,"FO Accounting Section",NULL,NULL,VI-FO-FMD,VI,NULL,NULL,NULL,NULL,0,2
958,VI-FO-FMD-BS,"FO Budget Section",NULL,NULL,VI-FO-FMD,VI,NULL,NULL,NULL,NULL,0,2
959,VI-FO-FMD-CS,"FO Cash Section",NULL,NULL,VI-FO-FMD,VI,NULL,NULL,NULL,NULL,0,2
960,VI-FO-HRMDD,"FO Human Resource Management and Development Division",NULL,NULL,VI-FO-OARDA,VI,NULL,NULL,NULL,NULL,0,2
961,VI-FO-HRMDD-HRPPMS,"FO Human Resource Planning and Performance Management Section",NULL,NULL,VI-FO-HRMDD,VI,NULL,NULL,NULL,NULL,0,2
962,VI-FO-HRMDD-HRWS,"FO Human Resource Welfare Section",NULL,NULL,VI-FO-HRMDD,VI,NULL,NULL,NULL,NULL,0,2
963,VI-FO-HRMDD-LDS,"FO Learning and Development Section",NULL,NULL,VI-FO-HRMDD,VI,NULL,NULL,NULL,NULL,0,2
964,VI-FO-HRMDD-PAS,"FO Personal Administration Section",NULL,NULL,VI-FO-HRMDD,VI,NULL,NULL,NULL,NULL,0,2
965,VI-FO-IAU,"FO Internal Audit Unit",NULL,NULL,VI-FO-ORD,VI,NULL,NULL,NULL,NULL,0,2
966,VI-FO-KC,"FO Kalhi-CIDSS PMO",NULL,NULL,VI-FO-PROSD,VI,NULL,NULL,NULL,NULL,0,2
967,VI-FO-LU,"FO Legal Unit",NULL,NULL,VI-FO-ORD,VI,NULL,NULL,NULL,NULL,0,2
968,VI-FO-OARDA,"FO Office of Assistant Regional Director for Administration",NULL,NULL,VI-FO-ORD,VI,NULL,NULL,NULL,NULL,0,2
969,VI-FO-OARDO,"FO Office of Assistant Regional Director for Operation",NULL,NULL,VI-FO-ORD,VI,NULL,NULL,NULL,NULL,0,2
970,VI-FO-ORD,"FO Office of the Regional Director",NULL,NULL,NULL,VI,NULL,NULL,NULL,NULL,0,2
971,VI-FO-ORD-STU,"FO Social Technology Unit",NULL,NULL,VI-FO-ORD,VI,NULL,NULL,NULL,NULL,0,2
972,VI-FO-PPD,"FO Policy and Plans Division",NULL,NULL,VI-FO-ORD,VI,NULL,NULL,NULL,NULL,0,2
973,VI-FO-PPD-ICT,"FO Information & Planning Communication Technology Section",NULL,NULL,VI-FO-ORD,VI,NULL,NULL,NULL,NULL,0,2
974,VI-FO-PPD-NHTS,"FO National Household Targetting Section",NULL,NULL,VI-FO-ORD,VI,NULL,NULL,NULL,NULL,0,2
975,VI-FO-PPD-PDPS,"FO Policy Development and Planning Section",NULL,NULL,VI-FO-PPD,VI,NULL,NULL,NULL,NULL,0,2
976,VI-FO-PPD-SS,"FO Standard Section",NULL,NULL,VI-FO-ORD,VI,NULL,NULL,NULL,NULL,0,2
977,VI-FO-PPD-UCT,"FO Unconditional Cash Transfer",NULL,NULL,VI-FO-PPD,VI,NULL,NULL,NULL,NULL,0,2
978,VI-FO-PROMSD,"FO Promotive Service Division",NULL,NULL,VI-FO-OARDO,VI,NULL,NULL,NULL,NULL,0,2
979,VI-FO-PROMSD-EPAHP,"FO Enhance Partnership Against Hunger and Poverty",NULL,NULL,VI-FO-PROMSD,VI,NULL,NULL,NULL,NULL,0,2
980,VI-FO-PROMSD-SLP,"FO Sustainable Livelihood Program PMO",NULL,NULL,VI-FO-PROSD,VI,NULL,NULL,NULL,NULL,0,2
981,VI-FO-PSD,"FO Protective Service Division",NULL,NULL,VI-FO-OARDO,VI,NULL,NULL,NULL,NULL,0,2
982,VI-FO-PSD-CBS,"FO Capacity Building Section",NULL,NULL,VI-FO-PSD,VI,NULL,NULL,NULL,NULL,0,2
983,VI-FO-PSD-CBSS,"FO Center Based Services Section",NULL,NULL,VI-FO-PSD,VI,NULL,NULL,NULL,NULL,0,2
984,VI-FO-PSD-CIS,"FO Crisis Intervention Section",NULL,NULL,VI-FO-PSD,VI,NULL,NULL,NULL,NULL,0,2
985,VI-FO-PSD-COMBS,"FO Community Based Services Section",NULL,NULL,VI-FO-PSD,VI,NULL,NULL,NULL,NULL,0,2
986,VI-FO-SMU,"FO Social Marketing Unit",NULL,NULL,VI-FO-ORD,VI,NULL,NULL,NULL,NULL,0,2
987,VII-FO-4PS-AS,"FO Pantawid - Administrative Section",NULL,NULL,VII-FO-4PS,VII,NULL,NULL,NULL,NULL,0,2
988,VII-FO-4PS-BDM,"FO Pantawid - Beneficiary Data Management Section",NULL,NULL,VII-FO-4PS,VII,NULL,NULL,NULL,NULL,0,2
989,VII-FO-4PS-CBS,"FO Pantawid - Capability Building Division",NULL,NULL,VII-FO-4PS,VII,NULL,NULL,NULL,NULL,0,2
990,VII-FO-4PS-CVS,"FO Pantawid - Compliance Verification Section",NULL,NULL,VII-FO-4PS,VII,NULL,NULL,NULL,NULL,0,2
991,VII-FO-4PS-FDS,"FO Pantawid - Family Development Section",NULL,NULL,VII-FO-4PS,VII,NULL,NULL,NULL,NULL,0,2
992,VII-FO-4PS-GRS,"FO Pantawid - Grievance Redress Section",NULL,NULL,VII-FO-4PS,VII,NULL,NULL,NULL,NULL,0,2
993,VII-FO-4PS-IPD,"FO Pantawid - Institutional Partnership Section",NULL,NULL,VII-FO-4PS,VII,NULL,NULL,NULL,NULL,0,2
994,VII-FO-4PS-MCCT,"FO Pantawid - Modified Conditional Cash Transfer Section",NULL,NULL,VII-FO-4PS,VII,NULL,NULL,NULL,NULL,0,2
995,VII-FO-4PS-OPS,"FO Pantawid - Operation",NULL,NULL,VII-FO-4PS,VII,NULL,NULL,NULL,NULL,0,2
996,VII-FO-4PS-PMES,"FO Pantawid - Planning and Monitoring and Evaluation Section",NULL,NULL,VII-FO-4PS,VII,NULL,NULL,NULL,NULL,0,2
997,VII-FO-4PS-RPMO,"FO Pantawid Regional Program Management Office",NULL,NULL,VII-FO-PROSD,VII,NULL,NULL,NULL,NULL,0,2
998,VII-FO-4PS-SMU,"FO Pantawid - Social Marketing Unit",NULL,NULL,VII-FO-4PS,VII,NULL,NULL,NULL,NULL,0,2
999,VII-FO-4PS-SSDMS,"FO Pantawid - Social Services Delivery and Management Section",NULL,NULL,VII-FO-4PS,VII,NULL,NULL,NULL,NULL,0,2
1000,VII-FO-AD,"FO Administrative Division",NULL,NULL,VII-FO-OARDA,VII,NULL,NULL,NULL,NULL,0,2
