AgencyGroupID,GroupCode,GroupName,GroupHead,ClusterCode,ParentGroupCode,DirectorateCode,Added_by,entry_stamp,last_modified_by,last_modified,DELETED,office_type
1,0,O,KSRINA ANTONETTE A. AGUDO,NULL,PMS,CO,68,5/6/2019 14:52,3,10/3/2022 12:32,1,3
2,4Ps,Pantawid-Office of The National Program Manager &,DIR. GEMMA G. GABUYA,,OASSPECPRO,CO,16,9/12/2014 17:21,4,10/24/2022 16:48,0,2
3,4Ps-ASD,Pantawid-Administrative Support Division,OIC DC. MIZIEL S. PASIA,NULL,4Ps,CO,68,7/21/2016 11:50,68,NULL,0,3
4,4Ps-BDMD,Pantawid-Beneficiary Data Management Division,OIC DC. ALNAIR I. ESPINOSA,NULL,4Ps,CO,68,7/21/2016 11:59,68,NULL,0,3
5,4Ps-CBD,Pantawid-Capability Building Division,OIC DC. ARNOLD JARN FORD G. BUIHISAN,NULL,4Ps,CO,68,7/21/2016 11:46,68,NULL,0,3
6,4Ps-CVD,Pantawid-Compliance Verification Division,CHRISTIAN JOSEPH M. REGUNAY,NULL,4Ps,CO,68,7/21/2016 11:47,68,NULL,0,3
7,4Ps-FDD,Pantawid-Family Development Division,MARICEL GRACE L.. GOMEZ,NULL,4Ps,CO,68,7/21/2016 11:42,68,NULL,0,3
8,4Ps-GRD,Pantawid-Grievance Redress Division,MA. ASUNCION DINO BASCO,NULL,4Ps,CO,68,7/21/2016 12:02,68,NULL,0,3
9,4Ps-IPD,Pantawid-Institutional Partnership Division,OIC DC. KHRISTINA U. UMALI,NULL,4Ps,CO,68,7/21/2016 15:59,68,NULL,0,3
10,4Ps-MCCTD,Pantawid-Modified Conditional Cash Ttransfer Division,JULIETA DIGMA ALEGARME,NULL,4Ps,CO,68,7/21/2016 11:45,353,2/2/2022 10:29,0,3
11,4Ps-ODPMO,Pantawid-Office of the Deputy Program Manager for Operation,NULL,NULL,NULL,CO,13,2/2/2022 11:53,14,2/7/2022 14:13,0,2
12,4Ps-ODPMS,Patawid-Office of the Deputy Program Manager for Support,NULL,NULL,NULL,CO,13,2/2/2022 12:39,NULL,NULL,0,2
13,4Ps-ONPM,Pantawid-Office of National Program Management,NULL,NULL,NULL,CO,13,2/2/2022 12:03,14,2/7/2022 14:15,1,2
14,4Ps-PMED,Pantawid-Planning Monitoring and Evaluation Division,OIC-DC JIMMY FRANCIS II T. SCHUCK,NULL,4Ps,CO,68,2/6/2019 9:29,68,NULL,0,3
15,4Ps-RMQAD,Pantawid-Risk Management and Quality Assurance Division,OIC DC. SABINA P. TABO,NULL,4Ps,CO,68,7/21/2016 11:56,68,NULL,0,3
16,4Ps-SMD,Pantawid- Tech Marketing Division,OFELIA R. ESCAURIAGA,NULL,4Ps,CO,68,7/21/2016 11:51,68,NULL,0,3
17,4Ps-SSDMD,Pantawid-Social Services Delivery and Management Division,NELLIBETH V. MERCADO,NULL,4Ps,CO,68,7/21/2016 11:55,13,2/2/2022 14:44,0,3
18,ALL DSWD-CO,All Heads of Central Office,NULL,NULL,NULL,CO,13,2/2/2022 13:08,14,3/1/2022 15:31,0,3
19,ALL DSWD-CO-FOs,All Heads of Central Office and Field Offices,NULL,NULL,NULL,CO,13,2/2/2022 13:07,14,3/1/2022 15:36,0,3
20,ALL DSWD-EXECOM,All EXECOM,NULL,NULL,NULL,CO,13,2/2/2022 13:14,14,3/1/2022 15:37,0,1
21,ALL DSWD-FOs,All Field Offices,NULL,NULL,NULL,FO,13,2/2/2022 13:01,14,3/1/2022 15:34,0,4
22,ALL DSWD-MANCOM,All MANCOM,NULL,NULL,NULL,CO,13,2/2/2022 13:15,14,3/1/2022 15:39,0,2
23,AOC,Agency Operations Center,NULL,NULL,NULL,CO,3,11/12/2021 15:40,NULL,NULL,0,2
24,ARMM-FO-4PS-AS,FO Pantawid - Administrative Section,NULL,NULL,ARMM-FO-4PS,15,NULL,NULL,NULL,NULL,0,2
25,ARMM-FO-4PS-BDM,FO Pantawid - Beneficiary Data Management Section,NULL,NULL,ARMM-FO-4PS,15,NULL,NULL,NULL,NULL,0,2
26,ARMM-FO-4PS-CBS,FO Pantawid - Capability Building Division,NULL,NULL,ARMM-FO-4PS,15,NULL,NULL,NULL,NULL,0,2
27,ARMM-FO-4PS-CVS,FO Pantawid - Compliance Verification Section,NULL,NULL,ARMM-FO-4PS,15,NULL,NULL,NULL,NULL,0,2
28,ARMM-FO-4PS-FDS,FO Pantawid - Family Development Section,NULL,NULL,ARMM-FO-4PS,15,NULL,NULL,NULL,NULL,0,2
29,ARMM-FO-4PS-GRS,FO Pantawid - Grievance Redress Section,NULL,NULL,ARMM-FO-4PS,15,NULL,NULL,NULL,NULL,0,2
30,ARMM-FO-4PS-IPD,FO Pantawid - Institutional Partnership Section,NULL,NULL,ARMM-FO-4PS,15,NULL,NULL,NULL,NULL,0,2
31,ARMM-FO-4PS-MCCT,FO Pantawid - Modified Conditional Cash Transfer Section,NULL,NULL,ARMM-FO-4PS,15,NULL,NULL,NULL,NULL,0,2
32,ARMM-FO-4PS-OPS,FO Pantawid - Operation,NULL,NULL,ARMM-FO-4PS,15,NULL,NULL,NULL,NULL,0,2
33,ARMM-FO-4PS-PMES,FO Pantawid - Planning and Monitoring and Evaluation Section,NULL,NULL,ARMM-FO-4PS,15,NULL,NULL,NULL,NULL,0,2
34,ARMM-FO-4PS-RPMO,FO Pantawid Regional Program Management Office,NULL,NULL,ARMM-FO-PROSD,15,NULL,NULL,NULL,NULL,0,2
35,ARMM-FO-4PS-SMU,FO Pantawid - Social Marketing Unit,NULL,NULL,ARMM-FO-4PS,15,NULL,NULL,NULL,NULL,0,2
36,ARMM-FO-4PS-SSDMS,FO Pantawid - Social Services Delivery and Management Section,NULL,NULL,ARMM-FO-4PS,15,NULL,NULL,NULL,NULL,0,2
37,ARMM-FO-AD,FO Administrative Division,NULL,NULL,ARMM-FO-OARDA,15,NULL,NULL,NULL,NULL,0,2
38,ARMM-FO-AD-GSS,FO General Service Section,NULL,NULL,ARMM-FO-AD,15,NULL,NULL,NULL,NULL,0,2
39,ARMM-FO-AD-PS,FO Procurement Section,NULL,NULL,ARMM-FO-AD,15,NULL,NULL,NULL,NULL,0,2
40,ARMM-FO-AD-PSS,FO Property and Supply Section,NULL,NULL,ARMM-FO-AD,15,NULL,NULL,NULL,NULL,0,2
41,ARMM-FO-AD-RAMS,FO Records Management Section,NULL,NULL,ARMM-FO-AD,15,NULL,NULL,NULL,NULL,0,2
42,ARMM-FO-ALL,All DSWD Field Office ARMM,NULL,NULL,NULL,15,NULL,NULL,NULL,NULL,0,2
43,ARMM-FO-BAC,FO Bids and Awards Committee,NULL,NULL,NULL,15,NULL,NULL,NULL,NULL,0,2
44,ARMM-FO-CBS-MTA,FO Minors Travelling Abroad Office,NULL,NULL,ARMM-FO-PSD-COMBS,15,NULL,NULL,NULL,NULL,0,2
45,ARMM-FO-CBSS-ANVRC,FO A/NVRC Island Cluster,NULL,NULL,ARMM-FO-PSD-CBSS,15,NULL,NULL,NULL,NULL,0,2
46,ARMM-FO-CBSS-RHGW,FO Regional Home for Girls and Women,NULL,NULL,ARMM-FO-PSD-CBSS,15,NULL,NULL,NULL,NULL,0,2
47,ARMM-FO-CBSS-RSCC,FO Reception and Study Center for Children,NULL,NULL,ARMM-FO-PSD-CBSS,15,NULL,NULL,NULL,NULL,0,2
48,ARMM-FO-CBSS-RSCY,FO Regional Rehabilitation Center for Youth,NULL,NULL,ARMM-FO-PSD-CBSS,15,NULL,NULL,NULL,NULL,0,2
49,ARMM-FO-COA,FO Commision on Audit,NULL,NULL,NULL,15,NULL,NULL,NULL,NULL,0,2
50,ARMM-FO-COMBS-ARRS,FO Adoption Resource and Referral Section,NULL,NULL,ARMM-FO-PSD-COMBS,15,NULL,NULL,NULL,NULL,0,2
51,ARMM-FO-COMBS-SFP,FO Supplementary Feeding Program,NULL,NULL,ARMM-FO-PSD-COMBS,15,NULL,NULL,NULL,NULL,0,2
52,ARMM-FO-COMBS-SPO,FO Social Pension Office,NULL,NULL,ARMM-FO-PSD-COMBS,15,NULL,NULL,NULL,NULL,0,2
53,ARMM-FO-DRMD,FO Disaster Response Management Division,NULL,NULL,ARMM-FO-OARDO,15,NULL,NULL,NULL,NULL,0,2
54,ARMM-FO-DRMD-DRIMS,FO Regional Response & Information Management Section,NULL,NULL,ARMM-FO-DRMD,15,NULL,NULL,NULL,NULL,0,2
55,ARMM-FO-DRMD-DRRMS,FO Disaster Response Rehabilitation Managment Section,NULL,NULL,ARMM-FO-DRMD,15,NULL,NULL,NULL,NULL,0,2
56,ARMM-FO-DRMD-RROS,FO Regiona Resource Operation Section,NULL,NULL,ARMM-FO-DRMD,15,NULL,NULL,NULL,NULL,0,2
57,ARMM-FO-FMD,FO Financial Management Division,NULL,NULL,ARMM-FO-OARDA,15,NULL,NULL,NULL,NULL,0,2
58,ARMM-FO-FMD-AS,FO Accounting Section,NULL,NULL,ARMM-FO-FMD,15,NULL,NULL,NULL,NULL,0,2
59,ARMM-FO-FMD-BS,FO Budget Section,NULL,NULL,ARMM-FO-FMD,15,NULL,NULL,NULL,NULL,0,2
60,ARMM-FO-FMD-CS,FO Cash Section,NULL,NULL,ARMM-FO-FMD,15,NULL,NULL,NULL,NULL,0,2
61,ARMM-FO-HRMDD,FO Human Resource Management and Development Division,NULL,NULL,ARMM-FO-OARDA,15,NULL,NULL,NULL,NULL,0,2
62,ARMM-FO-HRMDD-HRPPMS,FO Human Resource Planning and Performance Management Section,NULL,NULL,ARMM-FO-HRMDD,15,NULL,NULL,NULL,NULL,0,2
63,ARMM-FO-HRMDD-HRWS,FO Human Resource Welfare Section,NULL,NULL,ARMM-FO-HRMDD,15,NULL,NULL,NULL,NULL,0,2
64,ARMM-FO-HRMDD-LDS,FO Learning and Development Section,NULL,NULL,ARMM-FO-HRMDD,15,NULL,NULL,NULL,NULL,0,2
65,ARMM-FO-HRMDD-PAS,FO Personal Administration Section,NULL,NULL,ARMM-FO-HRMDD,15,NULL,NULL,NULL,NULL,0,2
66,ARMM-FO-IAU,FO Internal Audit Unit,NULL,NULL,ARMM-FO-ORD,15,NULL,NULL,NULL,NULL,0,2
67,ARMM-FO-KC,FO Kalhi-CIDSS PMO,NULL,NULL,ARMM-FO-PROSD,15,NULL,NULL,NULL,NULL,0,2
68,ARMM-FO-LU,FO Legal Unit,NULL,NULL,ARMM-FO-ORD,15,NULL,NULL,NULL,NULL,0,2
69,ARMM-FO-OARDA,FO Office of Assistant Regional Director for Administration,NULL,NULL,ARMM-FO-ORD,15,NULL,NULL,NULL,NULL,0,2
70,ARMM-FO-OARDO,FO Office of Assistant Regional Director for Operation,NULL,NULL,ARMM-FO-ORD,15,NULL,NULL,NULL,NULL,0,2
71,ARMM-FO-ORD,FO Office of the Regional Director,NULL,NULL,NULL,15,NULL,NULL,NULL,NULL,0,2
72,ARMM-FO-ORD-STU,FO Social Technology Unit,NULL,NULL,ARMM-FO-ORD,15,NULL,NULL,NULL,NULL,0,2
73,ARMM-FO-PPD,FO Policy and Plans Division,NULL,NULL,ARMM-FO-ORD,15,NULL,NULL,NULL,NULL,0,2
74,ARMM-FO-PPD-ICT,FO Information & Planning Communication Technology Section,NULL,NULL,ARMM-FO-ORD,15,NULL,NULL,NULL,NULL,0,2
75,ARMM-FO-PPD-NHTS,FO National Household Targetting Section,NULL,NULL,ARMM-FO-ORD,15,NULL,NULL,NULL,NULL,0,2
76,ARMM-FO-PPD-PDPS,FO Policy Development and Planning Section,NULL,NULL,ARMM-FO-PPD,15,NULL,NULL,NULL,NULL,0,2
77,ARMM-FO-PPD-SS,FO Standard Section,NULL,NULL,ARMM-FO-ORD,15,NULL,NULL,NULL,NULL,0,2
78,ARMM-FO-PPD-UCT,FO Unconditional Cash Transfer,NULL,NULL,ARMM-FO-PPD,15,NULL,NULL,NULL,NULL,0,2
79,ARMM-FO-PROMSD,FO Promotive Service Division,NULL,NULL,ARMM-FO-OARDO,15,NULL,NULL,NULL,NULL,0,2
80,ARMM-FO-PROMSD-EPAHP,FO Enhance Partnership Against Hunger and Poverty,NULL,NULL,ARMM-FO-PROMSD,15,NULL,NULL,NULL,NULL,0,2
81,ARMM-FO-PROMSD-SLP,FO Sustainable Livelihood Program PMO,NULL,NULL,ARMM-FO-PROSD,15,NULL,NULL,NULL,NULL,0,2
82,ARMM-FO-PSD,FO Protective Service Division,NULL,NULL,ARMM-FO-OARDO,15,NULL,NULL,NULL,NULL,0,2
83,ARMM-FO-PSD-CBS,FO Capacity Building Section,NULL,NULL,ARMM-FO-PSD,15,NULL,NULL,NULL,NULL,0,2
84,ARMM-FO-PSD-CBSS,FO Center Based Services Section,NULL,NULL,ARMM-FO-PSD,15,NULL,NULL,NULL,NULL,0,2
85,ARMM-FO-PSD-CIS,FO Crisis Intervention Section,NULL,NULL,ARMM-FO-PSD,15,NULL,NULL,NULL,NULL,0,2
86,ARMM-FO-PSD-COMBS,FO Community Based Services Section,NULL,NULL,ARMM-FO-PSD,15,NULL,NULL,NULL,NULL,0,2
87,ARMM-FO-SMU,FO Social Marketing Unit,NULL,NULL,ARMM-FO-ORD,15,NULL,NULL,NULL,NULL,0,2
88,AS,Administrative Service,NULL,,OASADMIN,CO,16,9/12/2014 16:55,335,2/2/2022 13:18,0,2
89,AS-BGMD,Administrative Service-Building and Grounds Management Division,OIC DC. ALFREDO C. EVANGELISTA,NULL,AS,CO,68,5/4/2019 14:27,68,NULL,0,3
90,AS-GSD,Administrative Service-General Service Division,OIC DC. EMYLOU P. MIRAVALLES,NULL,AS,CO,16,9/12/2014 16:55,68,NULL,0,3
91,AS-PMD,Administrative Service - Procurement Management Division,OIC DIR. KARINA ANTONETTE A. AGUDO,NULL,OUSGASS,CO,68,5/6/2019 14:49,14,2/9/2022 10:42,0,2
92,AS-PSAMD,Administrative Service-Property Supply and Assets Management Division,MONETTE B. CADIANG,NULL,AS,CO,16,9/12/2014 16:55,13,2/2/2022 11:36,0,3
93,AS-RAMD,Administrative Service-Records and Archives Management Division,OIC DC. MYRNA H. REYES,NULL,AS,CO,68,5/4/2019 14:33,68,NULL,0,3
94,BAC,Bids And Awards Committee (BAC) Secretariat ,OIC DC. OLIVA C. ARCAINA,NULL,PMS,CO,68,5/6/2019 14:50,14,2/22/2022 7:58,0,3
95,BangUn,BangUn Project,USEC. MARK ALLAN JAY G. YAMBAO,NULL,OUSSP,CO,68,7/16/2018 14:55,14,2/24/2022 9:46,0,2
96,CAR-FO-4PS-AS,FO Pantawid - Administrative Section,NULL,NULL,CAR-FO-4PS,14,NULL,NULL,NULL,NULL,0,2
97,CAR-FO-4PS-BDM,FO Pantawid - Beneficiary Data Management Section,NULL,NULL,CAR-FO-4PS,14,NULL,NULL,NULL,NULL,0,2
98,CAR-FO-4PS-CBS,FO Pantawid - Capability Building Division,NULL,NULL,CAR-FO-4PS,14,NULL,NULL,NULL,NULL,0,2
99,CAR-FO-4PS-CVS,FO Pantawid - Compliance Verification Section,NULL,NULL,CAR-FO-4PS,14,NULL,NULL,NULL,NULL,0,2
100,CAR-FO-4PS-FDS,FO Pantawid - Family Development Section,NULL,NULL,CAR-FO-4PS,14,NULL,NULL,NULL,NULL,0,2
101,CAR-FO-4PS-GRS,FO Pantawid - Grievance Redress Section,NULL,NULL,CAR-FO-4PS,14,NULL,NULL,NULL,NULL,0,2
102,CAR-FO-4PS-IPD,FO Pantawid - Institutional Partnership Section,NULL,NULL,CAR-FO-4PS,14,NULL,NULL,NULL,NULL,0,2
103,CAR-FO-4PS-MCCT,FO Pantawid - Modified Conditional Cash Transfer Section,NULL,NULL,CAR-FO-4PS,14,NULL,NULL,NULL,NULL,0,2
104,CAR-FO-4PS-OPS,FO Pantawid - Operation,NULL,NULL,CAR-FO-4PS,14,NULL,NULL,NULL,NULL,0,2
105,CAR-FO-4PS-PMES,FO Pantawid - Planning and Monitoring and Evaluation Section,NULL,NULL,CAR-FO-4PS,14,NULL,NULL,NULL,NULL,0,2
106,CAR-FO-4PS-RPMO,FO Pantawid Regional Program Management Office,NULL,NULL,CAR-FO-PROSD,14,NULL,NULL,NULL,NULL,0,2
107,CAR-FO-4PS-SMU,FO Pantawid - Social Marketing Unit,NULL,NULL,CAR-FO-4PS,14,NULL,NULL,NULL,NULL,0,2
108,CAR-FO-4PS-SSDMS,FO Pantawid - Social Services Delivery and Management Section,NULL,NULL,CAR-FO-4PS,14,NULL,NULL,NULL,NULL,0,2
109,CAR-FO-AD,FO Administrative Division,NULL,NULL,CAR-FO-OARDA,14,NULL,NULL,NULL,NULL,0,2
110,CAR-FO-AD-GSS,FO General Service Section,NULL,NULL,CAR-FO-AD,14,NULL,NULL,NULL,NULL,0,2
111,CAR-FO-AD-PS,FO Procurement Section,NULL,NULL,CAR-FO-AD,14,NULL,NULL,NULL,NULL,0,2
112,CAR-FO-AD-PSS,FO Property and Supply Section,NULL,NULL,CAR-FO-AD,14,NULL,NULL,NULL,NULL,0,2
113,CAR-FO-AD-RAMS,FO Records Management Section,NULL,NULL,CAR-FO-AD,14,NULL,NULL,NULL,NULL,0,2
114,CAR-FO-ALL,All DSWD Field Office CAR,NULL,NULL,NULL,14,NULL,NULL,NULL,NULL,0,2
115,CAR-FO-BAC,FO Bids and Awards Committee,NULL,NULL,NULL,14,NULL,NULL,NULL,NULL,0,2
116,CAR-FO-CBS-MTA,FO Minors Travelling Abroad Office,NULL,NULL,CAR-FO-PSD-COMBS,14,NULL,NULL,NULL,NULL,0,2
117,CAR-FO-CBS-SPO,FO Social Pension Office,NULL,NULL,CAR-FO-PSD-COMBS,14,NULL,NULL,NULL,NULL,0,2
118,CAR-FO-CBSS-ANVRC,FO A/NVRC Island Cluster,NULL,NULL,CAR-FO-PSD-CBSS,14,NULL,NULL,NULL,NULL,0,2
119,CAR-FO-CBSS-RHGW,FO Regional Home for Girls and Women,NULL,NULL,CAR-FO-PSD-CBSS,14,NULL,NULL,NULL,NULL,0,2
120,CAR-FO-CBSS-RSCC,FO Reception and Study Center for Children,NULL,NULL,CAR-FO-PSD-CBSS,14,NULL,NULL,NULL,NULL,0,2
121,CAR-FO-CBSS-RSCY,FO Regional Rehabilitation Center for Youth,NULL,NULL,CAR-FO-PSD-CBSS,14,NULL,NULL,NULL,NULL,0,2
122,CAR-FO-COA,FO Commision on Audit,NULL,NULL,NULL,14,NULL,NULL,NULL,NULL,0,2
123,CAR-FO-COMBS-ARRS,FO Adoption Resource and Referral Section,NULL,NULL,CAR-FO-PSD-COMBS,14,NULL,NULL,NULL,NULL,0,2
124,CAR-FO-COMBS-SFP,FO Supplementary Feeding Program,NULL,NULL,CAR-FO-PSD-COMBS,14,NULL,NULL,NULL,NULL,0,2
125,CAR-FO-DRMD,FO Disaster Response Management Division,NULL,NULL,CAR-FO-OARDO,14,NULL,NULL,NULL,NULL,0,2
126,CAR-FO-DRMD-DRIMS,FO Regional Response & Information Management Section,NULL,NULL,CAR-FO-DRMD,14,NULL,NULL,NULL,NULL,0,2
127,CAR-FO-DRMD-DRRMS,FO Disaster Response Rehabilitation Managment Section,NULL,NULL,CAR-FO-DRMD,14,NULL,NULL,NULL,NULL,0,2
128,CAR-FO-DRMD-RROS,FO Regiona Resource Operation Section,NULL,NULL,CAR-FO-DRMD,14,NULL,NULL,NULL,NULL,0,2
129,CAR-FO-FMD,FO Financial Management Division,NULL,NULL,CAR-FO-OARDA,14,NULL,NULL,NULL,NULL,0,2
130,CAR-FO-FMD-AS,FO Accounting Section,NULL,NULL,CAR-FO-FMD,14,NULL,NULL,NULL,NULL,0,2
131,CAR-FO-FMD-BS,FO Budget Section,NULL,NULL,CAR-FO-FMD,14,NULL,NULL,NULL,NULL,0,2
132,CAR-FO-FMD-CS,FO Cash Section,NULL,NULL,CAR-FO-FMD,14,NULL,NULL,NULL,NULL,0,2
133,CAR-FO-HRMDD,FO Human Resource Management and Development Division,NULL,NULL,CAR-FO-OARDA,14,NULL,NULL,NULL,NULL,0,2
134,CAR-FO-HRMDD-HRPPMS,FO Human Resource Planning and Performance Management Section,NULL,NULL,CAR-FO-HRMDD,14,NULL,NULL,NULL,NULL,0,2
135,CAR-FO-HRMDD-HRWS,FO Human Resource Welfare Section,NULL,NULL,CAR-FO-HRMDD,14,NULL,NULL,NULL,NULL,0,2
136,CAR-FO-HRMDD-LDS,FO Learning and Development Section,NULL,NULL,CAR-FO-HRMDD,14,NULL,NULL,NULL,NULL,0,2
137,CAR-FO-HRMDD-PAS,FO Personal Administration Section,NULL,NULL,CAR-FO-HRMDD,14,NULL,NULL,NULL,NULL,0,2
138,CAR-FO-IAU,FO Internal Audit Unit,NULL,NULL,CAR-FO-ORD,14,NULL,NULL,NULL,NULL,0,2
139,CAR-FO-KC,FO Kalhi-CIDSS PMO,NULL,NULL,CAR-FO-PROSD,14,NULL,NULL,NULL,NULL,0,2
140,CAR-FO-LU,FO Legal Unit,NULL,NULL,CAR-FO-ORD,14,NULL,NULL,NULL,NULL,0,2
141,CAR-FO-OARDA,FO Office of Assistant Regional Director for Administration,NULL,NULL,CAR-FO-ORD,14,NULL,NULL,NULL,NULL,0,2
142,CAR-FO-OARDO,FO Office of Assistant Regional Director for Operation,NULL,NULL,CAR-FO-ORD,14,NULL,NULL,NULL,NULL,0,2
143,CAR-FO-ORD,FO Office of the Regional Director,NULL,NULL,NULL,14,NULL,NULL,NULL,NULL,0,2
144,CAR-FO-ORD-STU,FO Social Technology Unit,NULL,NULL,CAR-FO-ORD,14,NULL,NULL,NULL,NULL,0,2
145,CAR-FO-PPD,FO Policy and Plans Division,NULL,NULL,CAR-FO-ORD,14,NULL,NULL,NULL,NULL,0,2
146,CAR-FO-ICTMSx,FO Information & Planning Communication Technology Section,NULL,NULL,CAR-FO-ORD,14,NULL,NULL,3,10/24/2022 16:41,0,2
147,CAR-FO-PPD-NHTS,FO National Household Targetting Section,NULL,NULL,CAR-FO-ORD,14,NULL,NULL,NULL,NULL,0,2
148,CAR-FO-PPD-PDPS,FO Policy Development and Planning Section,NULL,NULL,CAR-FO-PPD,14,NULL,NULL,NULL,NULL,0,2
149,CAR-FO-PPD-SS,FO Standard Section,NULL,NULL,CAR-FO-ORD,14,NULL,NULL,NULL,NULL,0,2
150,CAR-FO-PPD-UCT,FO Unconditional Cash Transfer,NULL,NULL,CAR-FO-PPD,14,NULL,NULL,NULL,NULL,0,2
151,CAR-FO-PROMSD,FO Promotive Service Division,NULL,NULL,CAR-FO-OARDO,14,NULL,NULL,NULL,NULL,0,2
152,CAR-FO-PROMSD-EPAHP,FO Enhance Partnership Against Hunger and Poverty,NULL,NULL,CAR-FO-PROMSD,14,NULL,NULL,NULL,NULL,0,2
153,CAR-FO-PROMSD-SLP,FO Sustainable Livelihood Program PMO,NULL,NULL,CAR-FO-PROSD,14,NULL,NULL,NULL,NULL,0,2
154,CAR-FO-PSD,FO Protective Service Division,NULL,NULL,CAR-FO-OARDO,14,NULL,NULL,NULL,NULL,0,2
155,CAR-FO-PSD-CBS,FO Capacity Building Section,NULL,NULL,CAR-FO-PSD,14,NULL,NULL,NULL,NULL,0,2
156,CAR-FO-PSD-CBSS,FO Center Based Services Section,NULL,NULL,CAR-FO-PSD,14,NULL,NULL,NULL,NULL,0,2
157,CAR-FO-PSD-CIS,FO Crisis Intervention Section,NULL,NULL,CAR-FO-PSD,14,NULL,NULL,NULL,NULL,0,2
158,CAR-FO-PSD-COMBS,FO Community Based Services Section,NULL,NULL,CAR-FO-PSD,14,NULL,NULL,NULL,NULL,0,2
159,CAR-FO-SMU,FO Social Marketing Unit,NULL,NULL,CAR-FO-ORD,14,NULL,NULL,NULL,NULL,0,2
160,CARAGA-FO-4PS-AS,FO Pantawid - Administrative Section,NULL,NULL,CARAGA-FO-4PS,16,NULL,NULL,NULL,NULL,0,2
161,CARAGA-FO-4PS-BDM,FO Pantawid - Beneficiary Data Management Section,NULL,NULL,CARAGA-FO-4PS,16,NULL,NULL,NULL,NULL,0,2
162,CARAGA-FO-4PS-CBS,FO Pantawid - Capability Building Division,NULL,NULL,CARAGA-FO-4PS,16,NULL,NULL,NULL,NULL,0,2
163,CARAGA-FO-4PS-CVS,FO Pantawid - Compliance Verification Section,NULL,NULL,CARAGA-FO-4PS,16,NULL,NULL,NULL,NULL,0,2
164,CARAGA-FO-4PS-FDS,FO Pantawid - Family Development Section,NULL,NULL,CARAGA-FO-4PS,16,NULL,NULL,NULL,NULL,0,2
165,CARAGA-FO-4PS-GRS,FO Pantawid - Grievance Redress Section,NULL,NULL,CARAGA-FO-4PS,16,NULL,NULL,NULL,NULL,0,2
166,CARAGA-FO-4PS-IPD,FO Pantawid - Institutional Partnership Section,NULL,NULL,CARAGA-FO-4PS,16,NULL,NULL,NULL,NULL,0,2
167,CARAGA-FO-4PS-MCCT,FO Pantawid - Modified Conditional Cash Transfer Section,NULL,NULL,CARAGA-FO-4PS,16,NULL,NULL,NULL,NULL,0,2
168,CARAGA-FO-4PS-OPS,FO Pantawid - Operation,NULL,NULL,CARAGA-FO-4PS,16,NULL,NULL,NULL,NULL,0,2
169,CARAGA-FO-4PS-PMES,FO Pantawid - Planning and Monitoring and Evaluation Section,NULL,NULL,CARAGA-FO-4PS,16,NULL,NULL,NULL,NULL,0,2
170,CARAGA-FO-4PS-RPMO,FO Pantawid Regional Program Management Office,NULL,NULL,CARAGA-FO-PROSD,16,NULL,NULL,NULL,NULL,0,2
171,CARAGA-FO-4PS-SMU,FO Pantawid - Social Marketing Unit,NULL,NULL,CARAGA-FO-4PS,16,NULL,NULL,NULL,NULL,0,2
172,CARAGA-FO-4PS-SSDMS,FO Pantawid - Social Services Delivery and Management Section,NULL,NULL,CARAGA-FO-4PS,16,NULL,NULL,NULL,NULL,0,2
173,CARAGA-FO-AD,FO Administrative Division,NULL,NULL,CARAGA-FO-OARDA,16,NULL,NULL,NULL,NULL,0,2
174,CARAGA-FO-AD-GSS,FO General Service Section,NULL,NULL,CARAGA-FO-AD,16,NULL,NULL,NULL,NULL,0,2
175,CARAGA-FO-AD-PS,FO Procurement Section,NULL,NULL,CARAGA-FO-AD,16,NULL,NULL,NULL,NULL,0,2
176,CARAGA-FO-AD-PSS,FO Property and Supply Section,NULL,NULL,CARAGA-FO-AD,16,NULL,NULL,NULL,NULL,0,2
177,CARAGA-FO-AD-RAMS,FO Records Management Section,NULL,NULL,CARAGA-FO-AD,16,NULL,NULL,NULL,NULL,0,2
178,CARAGA-FO-ALL,All DSWD Field Office CARAGA,NULL,NULL,NULL,16,NULL,NULL,NULL,NULL,0,2
179,CARAGA-FO-BAC,FO Bids and Awards Committee,NULL,NULL,NULL,16,NULL,NULL,NULL,NULL,0,2
180,CARAGA-FO-CBS-MTA,FO Minors Travelling Abroad Office,NULL,NULL,CARAGA-FO-PSD-COMBS,16,NULL,NULL,NULL,NULL,0,2
181,CARAGA-FO-CBSS-ANVRC,FO A/NVRC Island Cluster,NULL,NULL,CARAGA-FO-PSD-CBSS,16,NULL,NULL,NULL,NULL,0,2
182,CARAGA-FO-CBSS-RHGW,FO Regional Home for Girls and Women,NULL,NULL,CARAGA-FO-PSD-CBSS,16,NULL,NULL,NULL,NULL,0,2
183,CARAGA-FO-CBSS-RSCC,FO Reception and Study Center for Children,NULL,NULL,CARAGA-FO-PSD-CBSS,16,NULL,NULL,NULL,NULL,0,2
184,CARAGA-FO-CBSS-RSCY,FO Regional Rehabilitation Center for Youth,NULL,NULL,CARAGA-FO-PSD-CBSS,16,NULL,NULL,NULL,NULL,0,2
185,CARAGA-FO-COA,FO Commision on Audit,NULL,NULL,NULL,16,NULL,NULL,NULL,NULL,0,2
186,CARAGA-FO-COMBS-ARRS,FO Adoption Resource and Referral Section,NULL,NULL,CARAGA-FO-PSD-COMBS,16,NULL,NULL,NULL,NULL,0,2
187,CARAGA-FO-COMBS-SFP,FO Supplementary Feeding Program,NULL,NULL,CARAGA-FO-PSD-COMBS,16,NULL,NULL,NULL,NULL,0,2
188,CARAGA-FO-COMBS-SPO,FO Social Pension Office,NULL,NULL,CARAGA-FO-PSD-COMBS,16,NULL,NULL,NULL,NULL,0,2
189,CARAGA-FO-DRMD,FO Disaster Response Management Division,NULL,NULL,CARAGA-FO-OARDO,16,NULL,NULL,NULL,NULL,0,2
190,CARAGA-FO-DRMD-DRIMS,FO Regional Response & Information Management Section,NULL,NULL,CARAGA-FO-DRMD,16,NULL,NULL,NULL,NULL,0,2
191,CARAGA-FO-DRMD-DRRMS,FO Disaster Response Rehabilitation Managment Section,NULL,NULL,CARAGA-FO-DRMD,16,NULL,NULL,NULL,NULL,0,2
192,CARAGA-FO-DRMD-RROS,FO Regiona Resource Operation Section,NULL,NULL,CARAGA-FO-DRMD,16,NULL,NULL,NULL,NULL,0,2
193,CARAGA-FO-FMD,FO Financial Management Division,NULL,NULL,CARAGA-FO-OARDA,16,NULL,NULL,NULL,NULL,0,2
194,CARAGA-FO-FMD-AS,FO Accounting Section,NULL,NULL,CARAGA-FO-FMD,16,NULL,NULL,NULL,NULL,0,2
195,CARAGA-FO-FMD-BS,FO Budget Section,NULL,NULL,CARAGA-FO-FMD,16,NULL,NULL,NULL,NULL,0,2
196,CARAGA-FO-FMD-CS,FO Cash Section,NULL,NULL,CARAGA-FO-FMD,16,NULL,NULL,NULL,NULL,0,2
197,CARAGA-FO-HRMDD,FO Human Resource Management and Development Division,NULL,NULL,CARAGA-FO-OARDA,16,NULL,NULL,NULL,NULL,0,2
198,CARAGA-FO-HRMDD-HRPPMS,FO Human Resource Planning and Performance Management Section,NULL,NULL,CARAGA-FO-HRMDD,16,NULL,NULL,NULL,NULL,0,2
199,CARAGA-FO-HRMDD-HRWS,FO Human Resource Welfare Section,NULL,NULL,CARAGA-FO-HRMDD,16,NULL,NULL,NULL,NULL,0,2
200,CARAGA-FO-HRMDD-LDS,FO Learning and Development Section,NULL,NULL,CARAGA-FO-HRMDD,16,NULL,NULL,NULL,NULL,0,2
201,CARAGA-FO-HRMDD-PAS,FO Personal Administration Section,NULL,NULL,CARAGA-FO-HRMDD,16,NULL,NULL,NULL,NULL,0,2
202,CARAGA-FO-IAU,FO Internal Audit Unit,NULL,NULL,CARAGA-FO-ORD,16,NULL,NULL,NULL,NULL,0,2
203,CARAGA-FO-KC,FO Kalhi-CIDSS PMO,NULL,NULL,CARAGA-FO-PROSD,16,NULL,NULL,NULL,NULL,0,2
204,CARAGA-FO-LU,FO Legal Unit,NULL,NULL,CARAGA-FO-ORD,16,NULL,NULL,NULL,NULL,0,2
205,CARAGA-FO-OARDA,FO Office of Assistant Regional Director for Administration,NULL,NULL,CARAGA-FO-ORD,16,NULL,NULL,NULL,NULL,0,2
206,CARAGA-FO-OARDO,FO Office of Assistant Regional Director for Operation,NULL,NULL,CARAGA-FO-ORD,16,NULL,NULL,NULL,NULL,0,2
207,CARAGA-FO-ORD,FO Office of the Regional Director,NULL,NULL,NULL,16,NULL,NULL,NULL,NULL,0,2
208,CARAGA-FO-ORD-STU,FO Social Technology Unit,NULL,NULL,CARAGA-FO-ORD,16,NULL,NULL,NULL,NULL,0,2
209,CARAGA-FO-PPD,FO Policy and Plans Division,NULL,NULL,CARAGA-FO-ORD,16,NULL,NULL,NULL,NULL,0,2
210,CARAGA-FO-PPD-ICT,FO Information & Planning Communication Technology Section,NULL,NULL,CARAGA-FO-ORD,16,NULL,NULL,NULL,NULL,0,2
211,CARAGA-FO-PPD-NHTS,FO National Household Targetting Section,NULL,NULL,CARAGA-FO-ORD,16,NULL,NULL,NULL,NULL,0,2
212,CARAGA-FO-PPD-PDPS,FO Policy Development and Planning Section,NULL,NULL,CARAGA-FO-PPD,16,NULL,NULL,NULL,NULL,0,2
213,CARAGA-FO-PPD-SS,FO Standard Section,NULL,NULL,CARAGA-FO-ORD,16,NULL,NULL,NULL,NULL,0,2
214,CARAGA-FO-PPD-UCT,FO Unconditional Cash Transfer,NULL,NULL,CARAGA-FO-PPD,16,NULL,NULL,NULL,NULL,0,2
215,CARAGA-FO-PROMSD,FO Promotive Service Division,NULL,NULL,CARAGA-FO-OARDO,16,NULL,NULL,NULL,NULL,0,2
216,CARAGA-FO-PROMSD-EPAHP,FO Enhance Partnership Against Hunger and Poverty,NULL,NULL,CARAGA-FO-PROMSD,16,NULL,NULL,NULL,NULL,0,2
217,CARAGA-FO-PROMSD-SLP,FO Sustainable Livelihood Program PMO,NULL,NULL,CARAGA-FO-PROSD,16,NULL,NULL,NULL,NULL,0,2
218,CARAGA-FO-PSD,FO Protective Service Division,NULL,NULL,CARAGA-FO-OARDO,16,NULL,NULL,NULL,NULL,0,2
219,CARAGA-FO-PSD-CBS,FO Capacity Building Section,NULL,NULL,CARAGA-FO-PSD,16,NULL,NULL,NULL,NULL,0,2
220,CARAGA-FO-PSD-CBSS,FO Center Based Services Section,NULL,NULL,CARAGA-FO-PSD,16,NULL,NULL,NULL,NULL,0,2
221,CARAGA-FO-PSD-CIS,FO Crisis Intervention Section,NULL,NULL,CARAGA-FO-PSD,16,NULL,NULL,NULL,NULL,0,2
222,CARAGA-FO-PSD-COMBS,FO Community Based Services Section,NULL,NULL,CARAGA-FO-PSD,16,NULL,NULL,NULL,NULL,0,2
223,CARAGA-FO-SMU,FO Social Marketing Unit,NULL,NULL,CARAGA-FO-ORD,16,NULL,NULL,NULL,NULL,0,2
224,CART,Committee on Anti-Red Tape ,NULL,NULL,NULL,CO,14,2/7/2022 15:41,14,2/7/2022 15:42,0,2
225,COA,Commission on Audit,DIR. WAYNE D. BELIZAR,NULL,COA,CO,NULL,NULL,68,NULL,0,NULL
226,DLLO,Department Legislative Liaison Office,OIC-DC. BELMA M. VILLALUNA,NULL,OUSPP,CO,55,11/10/2014 10:48,68,NULL,0,NULL
227,DLLO-LC,Department Legislative Liaison Office-Legislative Coordination,OIC-DC. BELMA M. VILLALUNA,NULL,DLLO,CO,68,5/4/2019 15:07,68,NULL,0,NULL
228,DRMB,Disaster Response Management Bureau,DIR. CLIFFORD CYRIL Y. RIVERAL,NULL,OASDRM,CO,68,7/31/2018 18:14,68,NULL,0,2
229,DRMB-DOSD,Disaster Response Management Bureau-Disaster Operations Support Division,OIC DC. NORMA L. BELLEN,NULL,DRMB,CO,68,5/4/2019 15:20,68,NULL,0,3
230,DRMB-DROMD,Disaster Response Management Bureau-Disaster Response Operations Management Division,OIC DC. ESTHER L. GERALDOY,NULL,DRMB,CO,68,5/4/2019 15:24,68,NULL,0,3
231,DRMB-DROMIC,Disaster Response Management Bureau-Disaster Response Operations Monitoring and Information Center,MARICEL C. DELORIA,NULL,DRMB,CO,68,5/4/2019 15:31,68,NULL,0,3
232,DRMB-ERSD,Disaster Response Management Bureau-Early Recovery Services Division,OIC DC. HONESTO S. PARDO,NULL,DRMB,CO,68,5/4/2019 15:33,68,NULL,0,3
233,DRMB-PRD,Disaster Response Management Bureau-Preparedness for Response Division,OIC DC. IMEE ROSE S. CASTILLO,NULL,DRMB,CO,68,5/4/2019 15:35,68,NULL,0,3
234,DSWD-CO,DSWD-CO,NULL,NULL,NULL,CO,4,6/21/2022 15:33,NULL,NULL,0,4
235,EPAHP,Enhanced Partnership Against Hunger and Poverty,0,NULL,NULL,CO,68,8/1/2015 8:05,14,2/7/2022 9:39,0,2
236,EXT,External,NULL,NULL,NULL,CO,3,9/20/2021 10:19,4,5/2/2022 14:23,0,5
237,EXT-2,External 2,NULL,NULL,NULL,CO,3,8/24/2021 16:33,4,5/2/2022 14:24,0,5
238,FMS,Finance and Management Service,DIR. WAYNE DC. BELIZAR,NULL,OUSGASS,CO,16,9/12/2014 16:53,68,NULL,0,2
239,FMS-ADRP,Finance and Management Service-Accounting Division for Regular Programs,OIC DC. DOLORES G. BUMANLAG,NULL,FMS,CO,68,5/4/2019 16:03,14,2/24/2022 8:04,0,3
240,FMS-ADSP,Finance and Management Service-Accounting Division for Special Projects,OIC DC. ODESSA T. VILLACERAN,NULL,FMS,CO,68,5/4/2019 16:05,14,2/24/2022 8:03,0,3
241,FMS-BDRP,Finance and Management Service-Budget Division for Regular Programs,MERIEL P. CASTILLO,NULL,FMS,CO,68,5/4/2019 16:15,14,2/24/2022 8:04,0,3
242,FMS-BDSP,Finance and Management Service-Budget Division for Special Projects,OIC DC. JANINE C. COSINO,NULL,FMS,CO,68,5/4/2019 16:16,14,2/24/2022 8:05,0,3
243,FMS-CDRP,Finance and Management Service-Cash Division for Regular Programs,GRACE ANN S. NISPEROS,NULL,FMS,CO,68,5/4/2019 16:20,14,2/24/2022 8:05,0,3
244,FMS-CDSP,Finance and Management Service-Cash Division for Special Projects (Grants),MARY ANTOINETTE L. DUERO,NULL,FMS,CO,68,5/4/2019 16:19,14,2/24/2022 8:05,0,3
245,FMS-MD,Finance and Management Service-Management Division,OIC-DC. ROLANDO D.  VILLACORTA,NULL,FMS,CO,68,5/4/2019 16:22,68,NULL,0,3
246,FMS-SP,Finance and Management Service-Special Projects,NULL,NULL,FMS,CO,68,10/4/2019 15:35,14,2/24/2022 8:02,0,2
247,FO ARMM,ARMM [Autonomous Region in Muslim Mindanao],NULL,NULL,NULL,15,NULL,NULL,4,5/2/2022 14:14,0,4
248,FO CAR,CAR [Cordillera Administrative Region],NULL,NULL,NULL,14,NULL,NULL,4,5/2/2022 14:13,0,4
249,FO CARAGA,REGION XIII [Caraga],NULL,NULL,NULL,16,NULL,NULL,4,5/2/2022 14:14,0,4
250,FO EXTERNAL,External Office,NULL,NULL,NULL,CO,3,8/24/2021 14:54,4,5/2/2022 14:25,0,5
251,FO I,REGION I [Ilocos Region],NULL,NULL,NULL,1,NULL,NULL,4,5/2/2022 14:14,0,4
252,FO II,REGION II [Cagayan Valley],NULL,NULL,NULL,2,NULL,NULL,4,5/2/2022 14:15,0,4
253,FO III,REGION III [Central Luzon],NULL,NULL,NULL,3,NULL,NULL,4,5/2/2022 14:15,0,4
254,FO IV-A,REGION IV-A [CALABARZON],NULL,NULL,NULL,4,NULL,NULL,4,5/2/2022 14:12,0,4
255,FO IV-B,REGION IV-B [MIMAROPA],NULL,NULL,NULL,17,NULL,NULL,4,5/2/2022 14:15,0,4
256,FO IX,REGION IX [Zamboanga Peninsula],NULL,NULL,NULL,9,NULL,NULL,4,5/2/2022 14:15,0,4
257,FO NCR,NCR [National Capital Region],NULL,NULL,NULL,13,NULL,NULL,4,5/2/2022 14:22,0,4
258,FO V,REGION V [Bicol Region],NULL,NULL,NULL,5,NULL,NULL,4,5/2/2022 14:24,0,4
259,FO VI,REGION VI [Western Visayas],NULL,NULL,NULL,6,NULL,NULL,4,5/2/2022 14:24,0,4
260,FO VII,REGION VII [Central Visayas],NULL,NULL,NULL,7,NULL,NULL,4,5/2/2022 14:24,0,4
261,FO VIII,REGION VIII [Eastern Visayas],NULL,NULL,NULL,8,NULL,NULL,4,5/2/2022 14:24,0,4
262,FO X,REGION X [Northern Mindanao],NULL,NULL,NULL,10,NULL,NULL,4,5/2/2022 14:25,0,4
263,FO XI,REGION XI [Davao Region],NULL,NULL,NULL,11,NULL,NULL,4,5/2/2022 14:25,0,4
264,FO XII,REGION XII [Soccsksargen],NULL,NULL,NULL,12,NULL,NULL,4,5/2/2022 14:24,0,4
265,FO-4Ps,Pantawid-Office Of The National Program Manager,DIR. GEMMA G. GABUYA,,OASSPECPRO,FOO,16,9/12/2014 17:21,68,NULL,0,2
266,FO-AS,Administrative Service,NULL,,OASADMIN,FOO,16,9/12/2014 16:55,68,NULL,0,2
267,FO-DRMB,Disaster Response Management Bureau,DIR. CLIFFORD CYRIL Y. RIVERAL,NULL,OASDRM,FOO,68,7/31/2018 18:14,68,NULL,0,2
268,FO-FMS,Finance and Management Service,DIR. WAYNE DC. BELIZAR,NULL,OUSGASS,FOO,16,9/12/2014 16:53,68,NULL,0,2
269,FO-FMS-SP,Finance and Management Service-Special Projects,NULL,NULL,FMS,FOO,68,10/4/2019 15:35,102,2/24/2022 9:00,0,2
270,FO-HRMDS,Human Resource Management and Development Service,DIR. LEONARDO C. REYNOSO,NULL,OASADMIN,FOO,68,5/4/2019 14:50,68,NULL,0,2
271,FO-IAS,Internal Audit Service,DIR. NATIVIDAD B. CANLAS,NULL,OASOSEC,FOO,16,9/12/2014 16:47,68,NULL,0,2
272,FO-ICTMS,Information and Communications Technology Management Service,DIR. ANDREW J. AMBUBUYOG,NULL,OASOSEC,FOO,16,9/12/2014 16:36,68,NULL,0,2
273,FO-ISSO,International Social Services Office,OIC DIR. LUCITA J. VILLANUEVA,NULL,OASSTPRO,FOO,68,5/4/2019 17:04,68,NULL,0,2
274,FO-KC,KALAHI-CIDSS,DIR. JANET P. ARMAS,NULL,OASSPECPRO,FOO,68,8/29/2015 14:24,68,NULL,0,2
275,FO-LS,Legal Service,OIC-DIR. MARIA CASSANDRA M. URBIZTONDO,NULL,OUSGASS,FOO,16,9/12/2014 16:52,68,NULL,0,2
276,FO-NHTO,National Household Targeting Office,DIR. JUSTIN CAESAR ANTHONY D. BATOCABE,NULL,OASOSEC,FOO,16,9/12/2014 17:27,68,NULL,0,2
277,FO-NRLMB,National Resource and Logistics Management Bureau,DIR. EMMANUEL P. PRIVADO,NULL,OASDRM,FOO,68,5/6/2019 7:55,68,NULL,0,2
278,FO-PDPB,Policy Development and Planning Bureau,DIR. RHODORA GARCES ALDAY,NULL,OUSPP,FOO,16,9/12/2014 17:29,68,NULL,0,2
279,FO-PMB,Program Management Bureau,DIR. WILMA D. NAVIAMOS,NULL,OASSTPRO,FOO,68,2/8/2019 11:34,68,NULL,0,2
280,FO-PMS,Procurement Management Service,OIC DIR. KARINA ANTONETTE A. AGUDO,NULL,OUSGASS,FOO,68,5/6/2019 14:49,68,NULL,0,2
281,FO-RGMO,Resource Generation and Management Office,NULL,NULL,OASPP,FOO,68,5/6/2019 15:09,68,NULL,0,2
282,FO-SB,Standards Bureau,OIC-DIR. CYNTHIA V. ILANO,NULL,OASSCB,FOO,16,9/12/2014 16:59,68,NULL,0,2
283,FO-SLP,Sustainable Livelihood Program,DIR. RESTITUTO B. MACUTO,NULL,OASSPECPRO,FOO,16,9/12/2014 17:21,68,NULL,0,2
284,FO-SMS,Social Marketing Service,DIR. IRENE B. DUMLAO,NULL,OASOSEC,FOO,16,9/12/2014 16:45,68,NULL,0,2
285,FO-STB,Social Technology Bureau,OIC DIR. HELEN Y. SUZARA,NULL,OASSCB,FOO,16,9/12/2014 17:06,68,NULL,0,2
286,FO-SWIDB,Social Welfare Institutional Development Bureau,ASEC. NOEL M. MACALALAD,NULL,OASSCB,FOO,68,7/31/2018 17:15,68,NULL,0,2
287,HRMDS,Human Resource Management and Development Service,DIR. LEONARDO C. REYNOSO,NULL,OASADMIN,CO,68,5/4/2019 14:50,68,NULL,0,2
288,HRMDS-HRPPMD,HRMDS-Human Resource Planning and Performance Management,OIC DC. CRISTI NIEL B. CRUZ,NULL,HRMDS,CO,68,5/4/2019 16:35,68,NULL,0,3
289,HRMDS-HRWD,HRMDS-Human Resource Welfare Division,OIC DC. MARIA ANDREA B. BANAY,NULL,HRMDS,CO,68,5/4/2019 16:37,68,NULL,0,3
290,HRMDS-LDD,HRMDS-Learning and Development Division,OIC DC. JANIS IAN M. PLACIDES,NULL,HRMDS,CO,68,5/4/2019 16:38,68,NULL,0,3
291,HRMDS-PAD,HRMDS-Personnel Administration Division,OIC DC. JENNIFER M. RIZO,NULL,HRMDS,CO,68,5/4/2019 16:39,68,NULL,0,3
292,I-FO-4PS-AS,FO Pantawid - Administrative Section,NULL,NULL,I-FO-4PS,1,NULL,NULL,NULL,NULL,0,2
293,I-FO-4PS-BDM,FO Pantawid - Beneficiary Data Management Section,NULL,NULL,I-FO-4PS,1,NULL,NULL,NULL,NULL,0,2
294,I-FO-4PS-CBS,FO Pantawid - Capability Building Division,NULL,NULL,I-FO-4PS,1,NULL,NULL,NULL,NULL,0,2
295,I-FO-4PS-CVS,FO Pantawid - Compliance Verification Section,NULL,NULL,I-FO-4PS,1,NULL,NULL,NULL,NULL,0,2
296,I-FO-4PS-FDS,FO Pantawid - Family Development Section,NULL,NULL,I-FO-4PS,1,NULL,NULL,NULL,NULL,0,2
297,I-FO-4PS-GRS,FO Pantawid - Grievance Redress Section,NULL,NULL,I-FO-4PS,1,NULL,NULL,NULL,NULL,0,2
298,I-FO-4PS-IPD,FO Pantawid - Institutional Partnership Section,NULL,NULL,I-FO-4PS,1,NULL,NULL,NULL,NULL,0,2
299,I-FO-4PS-MCCT,FO Pantawid - Modified Conditional Cash Transfer Section,NULL,NULL,I-FO-4PS,1,NULL,NULL,NULL,NULL,0,2
300,I-FO-4PS-OPS,FO Pantawid - Operation,NULL,NULL,I-FO-4PS,1,NULL,NULL,NULL,NULL,0,2
301,I-FO-4PS-PMES,FO Pantawid - Planning and Monitoring and Evaluation Section,NULL,NULL,I-FO-4PS,1,NULL,NULL,NULL,NULL,0,2
302,I-FO-4PS-RPMO,FO Pantawid Regional Program Management Office,NULL,NULL,I-FO-PROSD,1,NULL,NULL,NULL,NULL,0,2
303,I-FO-4PS-SMU,FO Pantawid - Social Marketing Unit,NULL,NULL,I-FO-4PS,1,NULL,NULL,NULL,NULL,0,2
304,I-FO-4PS-SSDMS,FO Pantawid - Social Services Delivery and Management Section,NULL,NULL,I-FO-4PS,1,NULL,NULL,NULL,NULL,0,2
305,I-FO-AD,FO Administrative Division,NULL,NULL,I-FO-OARDA,1,NULL,NULL,NULL,NULL,0,2
306,I-FO-AD-GSS,FO General Service Section,NULL,NULL,I-FO-AD,1,NULL,NULL,NULL,NULL,0,2
307,I-FO-AD-PS,FO Procurement Section,NULL,NULL,I-FO-AD,1,NULL,NULL,NULL,NULL,0,2
308,I-FO-AD-PSS,FO Property and Supply Section,NULL,NULL,I-FO-AD,1,NULL,NULL,NULL,NULL,0,2
309,I-FO-AD-RAMS,FO Records Management Section,NULL,NULL,I-FO-AD,1,NULL,NULL,NULL,NULL,0,2
310,I-FO-ALL,All DSWD Field Office I,NULL,NULL,NULL,1,NULL,NULL,NULL,NULL,0,2
311,I-FO-BAC,FO Bids and Awards Committee,NULL,NULL,NULL,1,NULL,NULL,NULL,NULL,0,2
312,I-FO-CBS-MTA,FO Minors Travelling Abroad Office,NULL,NULL,I-FO-PSD-COMBS,1,NULL,NULL,NULL,NULL,0,2
313,I-FO-CBSS-ANVRC,FO A/NVRC Island Cluster,NULL,NULL,I-FO-PSD-CBSS,1,NULL,NULL,NULL,NULL,0,2
314,I-FO-CBSS-RHGW,FO Regional Home for Girls and Women,NULL,NULL,I-FO-PSD-CBSS,1,NULL,NULL,NULL,NULL,0,2
315,I-FO-CBSS-RSCC,FO Reception and Study Center for Children,NULL,NULL,I-FO-PSD-CBSS,1,NULL,NULL,NULL,NULL,0,2
316,I-FO-CBSS-RSCY,FO Regional Rehabilitation Center for Youth,NULL,NULL,I-FO-PSD-CBSS,1,NULL,NULL,NULL,NULL,0,2
317,I-FO-COA,FO Commision on Audit,NULL,NULL,NULL,1,NULL,NULL,NULL,NULL,0,2
318,I-FO-COMBS-ARRS,FO Adoption Resource and Referral Section,NULL,NULL,I-FO-PSD-COMBS,1,NULL,NULL,NULL,NULL,0,2
319,I-FO-COMBS-SFP,FO Supplementary Feeding Program,NULL,NULL,I-FO-PSD-COMBS,1,NULL,NULL,NULL,NULL,0,2
320,I-FO-COMBS-SPO,FO Social Pension Office,NULL,NULL,I-FO-PSD-COMBS,1,NULL,NULL,NULL,NULL,0,2
321,I-FO-DRMD,FO Disaster Response Management Division,NULL,NULL,I-FO-OARDO,1,NULL,NULL,NULL,NULL,0,2
322,I-FO-DRMD-DRIMS,FO Regional Response & Information Management Section,NULL,NULL,I-FO-DRMD,1,NULL,NULL,NULL,NULL,0,2
323,I-FO-DRMD-DRRMS,FO Disaster Response Rehabilitation Managment Section,NULL,NULL,I-FO-DRMD,1,NULL,NULL,NULL,NULL,0,2
324,I-FO-DRMD-RROS,FO Regiona Resource Operation Section,NULL,NULL,I-FO-DRMD,1,NULL,NULL,NULL,NULL,0,2
325,I-FO-FMD,FO Financial Management Division,NULL,NULL,I-FO-OARDA,1,NULL,NULL,NULL,NULL,0,2
326,I-FO-FMD-AS,FO Accounting Section,NULL,NULL,I-FO-FMD,1,NULL,NULL,NULL,NULL,0,2
327,I-FO-FMD-BS,FO Budget Section,NULL,NULL,I-FO-FMD,1,NULL,NULL,NULL,NULL,0,2
328,I-FO-FMD-CS,FO Cash Section,NULL,NULL,I-FO-FMD,1,NULL,NULL,NULL,NULL,0,2
329,I-FO-HRMDD,FO Human Resource Management and Development Division,NULL,NULL,I-FO-OARDA,1,NULL,NULL,NULL,NULL,0,2
330,I-FO-HRMDD-HRPPMS,FO Human Resource Planning and Performance Management Section,NULL,NULL,I-FO-HRMDD,1,NULL,NULL,NULL,NULL,0,2
331,I-FO-HRMDD-HRWS,FO Human Resource Welfare Section,NULL,NULL,I-FO-HRMDD,1,NULL,NULL,NULL,NULL,0,2
332,I-FO-HRMDD-LDS,FO Learning and Development Section,NULL,NULL,I-FO-HRMDD,1,NULL,NULL,NULL,NULL,0,2
333,I-FO-HRMDD-PAS,FO Personal Administration Section,NULL,NULL,I-FO-HRMDD,1,NULL,NULL,NULL,NULL,0,2
334,I-FO-IAU,FO Internal Audit Unit,NULL,NULL,I-FO-ORD,1,NULL,NULL,NULL,NULL,0,2
335,I-FO-KC,FO Kalhi-CIDSS PMO,NULL,NULL,I-FO-PROSD,1,NULL,NULL,NULL,NULL,0,2
336,I-FO-LU,FO Legal Unit,NULL,NULL,I-FO-ORD,1,NULL,NULL,NULL,NULL,0,2
337,I-FO-OARDA,FO Office of Assistant Regional Director for Administration,NULL,NULL,I-FO-ORD,1,NULL,NULL,NULL,NULL,0,2
338,I-FO-OARDO,FO Office of Assistant Regional Director for Operation,NULL,NULL,I-FO-ORD,1,NULL,NULL,NULL,NULL,0,2
339,I-FO-ORD,FO Office of the Regional Director,NULL,NULL,NULL,1,NULL,NULL,NULL,NULL,0,2
340,I-FO-ORD-STU,FO Social Technology Unit,NULL,NULL,I-FO-ORD,1,NULL,NULL,NULL,NULL,0,2
341,I-FO-PPD,FO Policy and Plans Division,NULL,NULL,I-FO-ORD,1,NULL,NULL,NULL,NULL,0,2
342,I-FO-PPD-ICT,FO Information & Planning Communication Technology Section,NULL,NULL,I-FO-ORD,1,NULL,NULL,NULL,NULL,0,2
343,I-FO-PPD-NHTS,FO National Household Targetting Section,NULL,NULL,I-FO-ORD,1,NULL,NULL,NULL,NULL,0,2
344,I-FO-PPD-PDPS,FO Policy Development and Planning Section,NULL,NULL,I-FO-PPD,1,NULL,NULL,NULL,NULL,0,2
345,I-FO-PPD-SS,FO Standard Section,NULL,NULL,I-FO-ORD,1,NULL,NULL,NULL,NULL,0,2
346,I-FO-PPD-UCT,FO Unconditional Cash Transfer,NULL,NULL,I-FO-PPD,1,NULL,NULL,NULL,NULL,0,2
347,I-FO-PROMSD,FO Promotive Service Division,NULL,NULL,I-FO-OARDO,1,NULL,NULL,NULL,NULL,0,2
348,I-FO-PROMSD-EPAHP,FO Enhance Partnership Against Hunger and Poverty,NULL,NULL,I-FO-PROMSD,1,NULL,NULL,NULL,NULL,0,2
349,I-FO-PROMSD-SLP,FO Sustainable Livelihood Program PMO,NULL,NULL,I-FO-PROSD,1,NULL,NULL,NULL,NULL,0,2
350,I-FO-PSD,FO Protective Service Division,NULL,NULL,I-FO-OARDO,1,NULL,NULL,NULL,NULL,0,2
351,I-FO-PSD-CBS,FO Capacity Building Section,NULL,NULL,I-FO-PSD,1,NULL,NULL,NULL,NULL,0,2
352,I-FO-PSD-CBSS,FO Center Based Services Section,NULL,NULL,I-FO-PSD,1,NULL,NULL,NULL,NULL,0,2
353,I-FO-PSD-CIS,FO Crisis Intervention Section,NULL,NULL,I-FO-PSD,1,NULL,NULL,NULL,NULL,0,2
354,I-FO-PSD-COMBS,FO Community Based Services Section,NULL,NULL,I-FO-PSD,1,NULL,NULL,NULL,NULL,0,2
355,I-FO-SMU,FO Social Marketing Unit,NULL,NULL,I-FO-ORD,1,NULL,NULL,NULL,NULL,0,2
356,IAS,Internal Audit Service,DIR. NATIVIDAD B. CANLAS,NULL,OASOSEC,CO,16,9/12/2014 16:47,68,NULL,0,2
357,IAS-MAD,Internal Audit Service-Management Audit Division,MARISSA N. FABRICANTE,NULL,IAS,CO,68,5/4/2019 16:57,68,NULL,0,3
358,IAS-OAD,Internal Audit Service-Operations Audit Division,OIC DC. PERLYN JILL S. PAGADORA,NULL,IAS,CO,68,5/4/2019 16:59,68,NULL,0,3
359,IAS-SAD,Internal Audit Service-Special Audit Division,OIC DC. CRISTINA C. GAMING,NULL,IAS,CO,68,5/4/2019 16:59,68,NULL,0,3
360,ICTMS,Information and Communications Technology Management Service,DIR. ANDREW J. AMBUBUYOG,NULL, ,CO,16,9/12/2014 16:36,68,NULL,0,2
361,ICTMS-BSSDD,ICTMS-Business Solutions and Services Development Division,FELIX M. ARMEÑA,NULL,ICTMS,CO,68,5/4/2019 16:48,68,NULL,0,3
362,ICTMS-CSG,ICTMS-Cyber Security Group,OIC DC. SHEEN S. CARE,NULL,ICTMS,CO,68,5/4/2019 16:49,68,NULL,0,3
363,ICTMS-DMD,ICTMS-Database Management Division,OIC DC. SANDRA M. TABINAS,NULL,ICTMS,CO,68,5/4/2019 16:50,68,NULL,0,3
364,ICTMS-IMD,ICTMS-Infrastructure Management Division,SANDY ROY D. OCAMPO,NULL,ICTMS,CO,68,5/4/2019 16:51,68,NULL,0,3
365,ICTMS-NTSSD,ICTMS-Network and Technical Service Support Division,OIC DC. DENNIS S. ASUNCION,NULL,ICTMS,CO,68,5/4/2019 16:52,68,NULL,0,3
366,II-FO-4PS-AS,FO Pantawid - Administrative Section,NULL,NULL,II-FO-4PS,2,NULL,NULL,NULL,NULL,0,2
367,II-FO-4PS-BDM,FO Pantawid - Beneficiary Data Management Section,NULL,NULL,II-FO-4PS,2,NULL,NULL,NULL,NULL,0,2
368,II-FO-4PS-CBS,FO Pantawid - Capability Building Division,NULL,NULL,II-FO-4PS,2,NULL,NULL,NULL,NULL,0,2
369,II-FO-4PS-CVS,FO Pantawid - Compliance Verification Section,NULL,NULL,II-FO-4PS,2,NULL,NULL,NULL,NULL,0,2
370,II-FO-4PS-FDS,FO Pantawid - Family Development Section,NULL,NULL,II-FO-4PS,2,NULL,NULL,NULL,NULL,0,2
371,II-FO-4PS-GRS,FO Pantawid - Grievance Redress Section,NULL,NULL,II-FO-4PS,2,NULL,NULL,NULL,NULL,0,2
372,II-FO-4PS-IPD,FO Pantawid - Institutional Partnership Section,NULL,NULL,II-FO-4PS,2,NULL,NULL,NULL,NULL,0,2
373,II-FO-4PS-MCCT,FO Pantawid - Modified Conditional Cash Transfer Section,NULL,NULL,II-FO-4PS,2,NULL,NULL,NULL,NULL,0,2
374,II-FO-4PS-OPS,FO Pantawid - Operation,NULL,NULL,II-FO-4PS,2,NULL,NULL,NULL,NULL,0,2
375,II-FO-4PS-PMES,FO Pantawid - Planning and Monitoring and Evaluation Section,NULL,NULL,II-FO-4PS,2,NULL,NULL,NULL,NULL,0,2
376,II-FO-4PS-RPMO,FO Pantawid Regional Program Management Office,NULL,NULL,II-FO-PROSD,2,NULL,NULL,NULL,NULL,0,2
377,II-FO-4PS-SMU,FO Pantawid - Social Marketing Unit,NULL,NULL,II-FO-4PS,2,NULL,NULL,NULL,NULL,0,2
378,II-FO-4PS-SSDMS,FO Pantawid - Social Services Delivery and Management Section,NULL,NULL,II-FO-4PS,2,NULL,NULL,NULL,NULL,0,2
379,II-FO-AD,FO Administrative Division,NULL,NULL,II-FO-OARDA,2,NULL,NULL,NULL,NULL,0,2
380,II-FO-AD-GSS,FO General Service Section,NULL,NULL,II-FO-AD,2,NULL,NULL,NULL,NULL,0,2
381,II-FO-AD-PS,FO Procurement Section,NULL,NULL,II-FO-AD,2,NULL,NULL,NULL,NULL,0,2
382,II-FO-AD-PSS,FO Property and Supply Section,NULL,NULL,II-FO-AD,2,NULL,NULL,NULL,NULL,0,2
383,II-FO-AD-RAMS,FO Records Management Section,NULL,NULL,II-FO-AD,2,NULL,NULL,NULL,NULL,0,2
384,II-FO-ALL,All DSWD Field Office II,NULL,NULL,NULL,2,NULL,NULL,NULL,NULL,0,2
385,II-FO-BAC,FO Bids and Awards Committee,NULL,NULL,NULL,2,NULL,NULL,NULL,NULL,0,2
386,II-FO-CBS-MTA,FO Minors Travelling Abroad Office,NULL,NULL,II-FO-PSD-COMBS,2,NULL,NULL,NULL,NULL,0,2
387,II-FO-CBSS-ANVRC,FO A/NVRC Island Cluster,NULL,NULL,II-FO-PSD-CBSS,2,NULL,NULL,NULL,NULL,0,2
388,II-FO-CBSS-RHGW,FO Regional Home for Girls and Women,NULL,NULL,II-FO-PSD-CBSS,2,NULL,NULL,NULL,NULL,0,2
389,II-FO-CBSS-RSCC,FO Reception and Study Center for Children,NULL,NULL,II-FO-PSD-CBSS,2,NULL,NULL,NULL,NULL,0,2
390,II-FO-CBSS-RSCY,FO Regional Rehabilitation Center for Youth,NULL,NULL,II-FO-PSD-CBSS,2,NULL,NULL,NULL,NULL,0,2
391,II-FO-COA,FO Commision on Audit,NULL,NULL,NULL,2,NULL,NULL,NULL,NULL,0,2
392,II-FO-COMBS-ARRS,FO Adoption Resource and Referral Section,NULL,NULL,II-FO-PSD-COMBS,2,NULL,NULL,NULL,NULL,0,2
393,II-FO-COMBS-SFP,FO Supplementary Feeding Program,NULL,NULL,II-FO-PSD-COMBS,2,NULL,NULL,NULL,NULL,0,2
394,II-FO-COMBS-SPO,FO Social Pension Office,NULL,NULL,II-FO-PSD-COMBS,2,NULL,NULL,NULL,NULL,0,2
395,II-FO-DRMD,FO Disaster Response Management Division,NULL,NULL,II-FO-OARDO,2,NULL,NULL,NULL,NULL,0,2
396,II-FO-DRMD-DRIMS,FO Regional Response & Information Management Section,NULL,NULL,II-FO-DRMD,2,NULL,NULL,NULL,NULL,0,2
397,II-FO-DRMD-DRRMS,FO Disaster Response Rehabilitation Managment Section,NULL,NULL,II-FO-DRMD,2,NULL,NULL,NULL,NULL,0,2
398,II-FO-DRMD-RROS,FO Regiona Resource Operation Section,NULL,NULL,II-FO-DRMD,2,NULL,NULL,NULL,NULL,0,2
399,II-FO-FMD,FO Financial Management Division,NULL,NULL,II-FO-OARDA,2,NULL,NULL,NULL,NULL,0,2
400,II-FO-FMD-AS,FO Accounting Section,NULL,NULL,II-FO-FMD,2,NULL,NULL,NULL,NULL,0,2
401,II-FO-FMD-BS,FO Budget Section,NULL,NULL,II-FO-FMD,2,NULL,NULL,NULL,NULL,0,2
402,II-FO-FMD-CS,FO Cash Section,NULL,NULL,II-FO-FMD,2,NULL,NULL,NULL,NULL,0,2
403,II-FO-HRMDD,FO Human Resource Management and Development Division,NULL,NULL,II-FO-OARDA,2,NULL,NULL,NULL,NULL,0,2
404,II-FO-HRMDD-HRPPMS,FO Human Resource Planning and Performance Management Section,NULL,NULL,II-FO-HRMDD,2,NULL,NULL,NULL,NULL,0,2
405,II-FO-HRMDD-HRWS,FO Human Resource Welfare Section,NULL,NULL,II-FO-HRMDD,2,NULL,NULL,NULL,NULL,0,2
406,II-FO-HRMDD-LDS,FO Learning and Development Section,NULL,NULL,II-FO-HRMDD,2,NULL,NULL,NULL,NULL,0,2
407,II-FO-HRMDD-PAS,FO Personal Administration Section,NULL,NULL,II-FO-HRMDD,2,NULL,NULL,NULL,NULL,0,2
408,II-FO-IAU,FO Internal Audit Unit,NULL,NULL,II-FO-ORD,2,NULL,NULL,NULL,NULL,0,2
409,II-FO-KC,FO Kalhi-CIDSS PMO,NULL,NULL,II-FO-PROSD,2,NULL,NULL,NULL,NULL,0,2
410,II-FO-LU,FO Legal Unit,NULL,NULL,II-FO-ORD,2,NULL,NULL,NULL,NULL,0,2
411,II-FO-OARDA,FO Office of Assistant Regional Director for Administration,NULL,NULL,II-FO-ORD,2,NULL,NULL,NULL,NULL,0,2
412,II-FO-OARDO,FO Office of Assistant Regional Director for Operation,NULL,NULL,II-FO-ORD,2,NULL,NULL,NULL,NULL,0,2
413,II-FO-ORD,FO Office of the Regional Director,NULL,NULL,NULL,2,NULL,NULL,NULL,NULL,0,2
414,II-FO-ORD-STU,FO Social Technology Unit,NULL,NULL,II-FO-ORD,2,NULL,NULL,NULL,NULL,0,2
415,II-FO-PPD,FO Policy and Plans Division,NULL,NULL,II-FO-ORD,2,NULL,NULL,NULL,NULL,0,2
416,II-FO-PPD-ICT,FO Information & Planning Communication Technology Section,NULL,NULL,II-FO-ORD,2,NULL,NULL,NULL,NULL,0,2
417,II-FO-PPD-NHTS,FO National Household Targetting Section,NULL,NULL,II-FO-ORD,2,NULL,NULL,NULL,NULL,0,2
418,II-FO-PPD-PDPS,FO Policy Development and Planning Section,NULL,NULL,II-FO-PPD,2,NULL,NULL,NULL,NULL,0,2
419,II-FO-PPD-SS,FO Standard Section,NULL,NULL,II-FO-ORD,2,NULL,NULL,NULL,NULL,0,2
420,II-FO-PPD-UCT,FO Unconditional Cash Transfer,NULL,NULL,II-FO-PPD,2,NULL,NULL,NULL,NULL,0,2
421,II-FO-PROMSD,FO Promotive Service Division,NULL,NULL,II-FO-OARDO,2,NULL,NULL,NULL,NULL,0,2
422,II-FO-PROMSD-EPAHP,FO Enhance Partnership Against Hunger and Poverty,NULL,NULL,II-FO-PROMSD,2,NULL,NULL,NULL,NULL,0,2
423,II-FO-PROMSD-SLP,FO Sustainable Livelihood Program PMO,NULL,NULL,II-FO-PROSD,2,NULL,NULL,NULL,NULL,0,2
424,II-FO-PSD,FO Protective Service Division,NULL,NULL,II-FO-OARDO,2,NULL,NULL,NULL,NULL,0,2
425,II-FO-PSD-CBS,FO Capacity Building Section,NULL,NULL,II-FO-PSD,2,NULL,NULL,NULL,NULL,0,2
426,II-FO-PSD-CBSS,FO Center Based Services Section,NULL,NULL,II-FO-PSD,2,NULL,NULL,NULL,NULL,0,2
427,II-FO-PSD-CIS,FO Crisis Intervention Section,NULL,NULL,II-FO-PSD,2,NULL,NULL,NULL,NULL,0,2
428,II-FO-PSD-COMBS,FO Community Based Services Section,NULL,NULL,II-FO-PSD,2,NULL,NULL,NULL,NULL,0,2
429,II-FO-SMU,FO Social Marketing Unit,NULL,NULL,II-FO-ORD,2,NULL,NULL,NULL,NULL,0,2
430,III-FO-4PS-AS,FO Pantawid - Administrative Section,NULL,NULL,III-FO-4PS,3,NULL,NULL,NULL,NULL,0,2
431,III-FO-4PS-BDM,FO Pantawid - Beneficiary Data Management Section,NULL,NULL,III-FO-4PS,3,NULL,NULL,NULL,NULL,0,2
432,III-FO-4PS-CBS,FO Pantawid - Capability Building Division,NULL,NULL,III-FO-4PS,3,NULL,NULL,NULL,NULL,0,2
433,III-FO-4PS-CVS,FO Pantawid - Compliance Verification Section,NULL,NULL,III-FO-4PS,3,NULL,NULL,NULL,NULL,0,2
434,III-FO-4PS-FDS,FO Pantawid - Family Development Section,NULL,NULL,III-FO-4PS,3,NULL,NULL,NULL,NULL,0,2
435,III-FO-4PS-GRS,FO Pantawid - Grievance Redress Section,NULL,NULL,III-FO-4PS,3,NULL,NULL,NULL,NULL,0,2
436,III-FO-4PS-IPD,FO Pantawid - Institutional Partnership Section,NULL,NULL,III-FO-4PS,3,NULL,NULL,NULL,NULL,0,2
437,III-FO-4PS-MCCT,FO Pantawid - Modified Conditional Cash Transfer Section,NULL,NULL,III-FO-4PS,3,NULL,NULL,NULL,NULL,0,2
438,III-FO-4PS-OPS,FO Pantawid - Operation,NULL,NULL,III-FO-4PS,3,NULL,NULL,NULL,NULL,0,2
439,III-FO-4PS-PMES,FO Pantawid - Planning and Monitoring and Evaluation Section,NULL,NULL,III-FO-4PS,3,NULL,NULL,NULL,NULL,0,2
440,III-FO-4PS-RPMO,FO Pantawid Regional Program Management Office,NULL,NULL,III-FO-PROSD,3,NULL,NULL,NULL,NULL,0,2
441,III-FO-4PS-SMU,FO Pantawid - Social Marketing Unit,NULL,NULL,III-FO-4PS,3,NULL,NULL,NULL,NULL,0,2
442,III-FO-4PS-SSDMS,FO Pantawid - Social Services Delivery and Management Section,NULL,NULL,III-FO-4PS,3,NULL,NULL,NULL,NULL,0,2
443,III-FO-AD,FO Administrative Division,NULL,NULL,III-FO-OARDA,3,NULL,NULL,NULL,NULL,0,2
444,III-FO-AD-GSS,FO General Service Section,NULL,NULL,III-FO-AD,3,NULL,NULL,NULL,NULL,0,2
445,III-FO-AD-PS,FO Procurement Section,NULL,NULL,III-FO-AD,3,NULL,NULL,NULL,NULL,0,2
446,III-FO-AD-PSS,FO Property and Supply Section,NULL,NULL,III-FO-AD,3,NULL,NULL,NULL,NULL,0,2
447,III-FO-AD-RAMS,FO Records Management Section,NULL,NULL,III-FO-AD,3,NULL,NULL,NULL,NULL,0,2
448,III-FO-ALL,All DSWD Field Office III,NULL,NULL,NULL,3,NULL,NULL,NULL,NULL,0,2
449,III-FO-BAC,FO Bids and Awards Committee,NULL,NULL,NULL,3,NULL,NULL,NULL,NULL,0,2
450,III-FO-CBS-MTA,FO Minors Travelling Abroad Office,NULL,NULL,III-FO-PSD-COMBS,3,NULL,NULL,NULL,NULL,0,2
451,III-FO-CBSS-ANVRC,FO A/NVRC Island Cluster,NULL,NULL,III-FO-PSD-CBSS,3,NULL,NULL,NULL,NULL,0,2
452,III-FO-CBSS-RHGW,FO Regional Home for Girls and Women,NULL,NULL,III-FO-PSD-CBSS,3,NULL,NULL,NULL,NULL,0,2
453,III-FO-CBSS-RSCC,FO Reception and Study Center for Children,NULL,NULL,III-FO-PSD-CBSS,3,NULL,NULL,NULL,NULL,0,2
454,III-FO-CBSS-RSCY,FO Regional Rehabilitation Center for Youth,NULL,NULL,III-FO-PSD-CBSS,3,NULL,NULL,NULL,NULL,0,2
455,III-FO-COA,FO Commision on Audit,NULL,NULL,NULL,3,NULL,NULL,NULL,NULL,0,2
456,III-FO-COMBS-ARRS,FO Adoption Resource and Referral Section,NULL,NULL,III-FO-PSD-COMBS,3,NULL,NULL,NULL,NULL,0,2
457,III-FO-COMBS-SFP,FO Supplementary Feeding Program,NULL,NULL,III-FO-PSD-COMBS,3,NULL,NULL,NULL,NULL,0,2
458,III-FO-COMBS-SPO,FO Social Pension Office,NULL,NULL,III-FO-PSD-COMBS,3,NULL,NULL,NULL,NULL,0,2
459,III-FO-DPEO-AUR,FO DSWD Provincial Extension Office - Aurora,NULL,NULL,III-FO-DPEO,3,NULL,NULL,NULL,NULL,0,2
460,III-FO-DPEO-BAT,FO DSWD Provincial Extension Office - Bataan,NULL,NULL,III-FO-DPEO,3,NULL,NULL,NULL,NULL,0,2
461,III-FO-DPEO-BUL,FO DSWD Provincial Extension Office - Bulacan,NULL,NULL,III-FO-DPEO,3,NULL,NULL,NULL,NULL,0,2
462,III-FO-DPEO-ZAM,FO DSWD Provincial Extension Office - Zambales,NULL,NULL,III-FO-DPEO,3,NULL,NULL,NULL,NULL,0,2
463,III-FO-DRMD,FO Disaster Response Management Division,NULL,NULL,III-FO-OARDO,3,NULL,NULL,NULL,NULL,0,2
464,III-FO-DRMD-DRIMS,FO Regional Response & Information Management Section,NULL,NULL,III-FO-DRMD,3,NULL,NULL,NULL,NULL,0,2
465,III-FO-DRMD-DRRMS,FO Disaster Response Rehabilitation Managment Section,NULL,NULL,III-FO-DRMD,3,NULL,NULL,NULL,NULL,0,2
466,III-FO-DRMD-RROS,FO Regiona Resource Operation Section,NULL,NULL,III-FO-DRMD,3,NULL,NULL,NULL,NULL,0,2
467,III-FO-FMD,FO Financial Management Division,NULL,NULL,III-FO-OARDA,3,NULL,NULL,NULL,NULL,0,2
468,III-FO-FMD-AS,FO Accounting Section,NULL,NULL,III-FO-FMD,3,NULL,NULL,NULL,NULL,0,2
469,III-FO-FMD-BS,FO Budget Section,NULL,NULL,III-FO-FMD,3,NULL,NULL,NULL,NULL,0,2
470,III-FO-FMD-CS,FO Cash Section,NULL,NULL,III-FO-FMD,3,NULL,NULL,NULL,NULL,0,2
471,III-FO-HRMDD,FO Human Resource Management and Development Division,NULL,NULL,III-FO-OARDA,3,NULL,NULL,NULL,NULL,0,2
472,III-FO-HRMDD-HRPPMS,FO Human Resource Planning and Performance Management Section,NULL,NULL,III-FO-HRMDD,3,NULL,NULL,NULL,NULL,0,2
473,III-FO-HRMDD-HRWS,FO Human Resource Welfare Section,NULL,NULL,III-FO-HRMDD,3,NULL,NULL,NULL,NULL,0,2
474,III-FO-HRMDD-LDS,FO Learning and Development Section,NULL,NULL,III-FO-HRMDD,3,NULL,NULL,NULL,NULL,0,2
475,III-FO-HRMDD-PAS,FO Personal Administration Section,NULL,NULL,III-FO-HRMDD,3,NULL,NULL,NULL,NULL,0,2
476,III-FO-IAU,FO Internal Audit Unit,NULL,NULL,III-FO-ORD,3,NULL,NULL,NULL,NULL,0,2
477,III-FO-KC,FO Kalhi-CIDSS PMO,NULL,NULL,III-FO-PROSD,3,NULL,NULL,NULL,NULL,0,2
478,III-FO-LU,FO Legal Unit,NULL,NULL,III-FO-ORD,3,NULL,NULL,NULL,NULL,0,2
479,III-FO-OARDA,FO Office of Assistant Regional Director for Administration,NULL,NULL,III-FO-ORD,3,NULL,NULL,NULL,NULL,0,2
480,III-FO-OARDO,FO Office of Assistant Regional Director for Operation,NULL,NULL,III-FO-ORD,3,NULL,NULL,NULL,NULL,0,2
481,III-FO-ORD,FO Office of the Regional Director,NULL,NULL,NULL,3,NULL,NULL,NULL,NULL,0,2
482,III-FO-ORD-STU,FO Social Technology Unit,NULL,NULL,III-FO-ORD,3,NULL,NULL,NULL,NULL,0,2
483,III-FO-PPD,FO Policy and Plans Division,NULL,NULL,III-FO-ORD,3,NULL,NULL,NULL,NULL,0,2
484,III-FO-PPD-ICT,FO Information & Planning Communication Technology Section,NULL,NULL,III-FO-ORD,3,NULL,NULL,NULL,NULL,0,2
485,III-FO-PPD-NHTS,FO National Household Targetting Section,NULL,NULL,III-FO-ORD,3,NULL,NULL,NULL,NULL,0,2
486,III-FO-PPD-PDPS,FO Policy Development and Planning Section,NULL,NULL,III-FO-PPD,3,NULL,NULL,NULL,NULL,0,2
487,III-FO-PPD-SS,FO Standard Section,NULL,NULL,III-FO-ORD,3,NULL,NULL,NULL,NULL,0,2
488,III-FO-PPD-UCT,FO Unconditional Cash Transfer,NULL,NULL,III-FO-PPD,3,NULL,NULL,NULL,NULL,0,2
489,III-FO-PROMSD,FO Promotive Service Division,NULL,NULL,III-FO-OARDO,3,NULL,NULL,NULL,NULL,0,2
490,III-FO-PROMSD-EPAHP,FO Enhance Partnership Against Hunger and Poverty,NULL,NULL,III-FO-PROMSD,3,NULL,NULL,NULL,NULL,0,2
491,III-FO-PROMSD-SLP,FO Sustainable Livelihood Program PMO,NULL,NULL,III-FO-PROSD,3,NULL,NULL,NULL,NULL,0,2
492,III-FO-PSD,FO Protective Service Division,NULL,NULL,III-FO-OARDO,3,NULL,NULL,NULL,NULL,0,2
493,III-FO-PSD-CBS,FO Capacity Building Section,NULL,NULL,III-FO-PSD,3,NULL,NULL,NULL,NULL,0,2
494,III-FO-PSD-CBSS,FO Center Based Services Section,NULL,NULL,III-FO-PSD,3,NULL,NULL,NULL,NULL,0,2
495,III-FO-PSD-CBSS-THFW,FO Tarlac Home for Women,NULL,NULL,III-FO-PSD,3,NULL,NULL,NULL,NULL,0,2
496,III-FO-PSD-CBSS-TLC ,FO Tarlac Lingap Center,NULL,NULL,III-FO-PSD,3,NULL,NULL,NULL,NULL,0,2
497,III-FO-PSD-CIS,FO Crisis Intervention Section,NULL,NULL,III-FO-PSD,3,NULL,NULL,NULL,NULL,0,2
498,III-FO-PSD-COMBS,FO Community Based Services Section,NULL,NULL,III-FO-PSD,3,NULL,NULL,NULL,NULL,0,2
499,III-FO-SMU,FO Social Marketing Unit,NULL,NULL,III-FO-ORD,3,NULL,NULL,NULL,NULL,0,2
500,ISSO,International Social Services Office,OIC DIR. LUCITA J. VILLANUEVA,NULL,OASSTPRO,CO,68,5/4/2019 17:04,68,NULL,0,2
501,ISSO-OD,International Social Services Office-Operations Division,OIC DC. LUCITA J. VILLANUEVA,NULL,ISSO,CO,68,5/4/2019 17:03,68,NULL,0,3
502,ISSO-TSD,International Social Services Office-Technical Support Division,PERLITA D. PANGANIBAN,NULL,ISSO,CO,68,5/4/2019 17:05,68,NULL,0,3
503,IV-A-FO-4PS-AS,FO Pantawid - Administrative Section,NULL,NULL,IV-A-FO-4PS,4,NULL,NULL,NULL,NULL,0,2
504,IV-A-FO-4PS-BDM,FO Pantawid - Beneficiary Data Management Section,NULL,NULL,IV-A-FO-4PS,4,NULL,NULL,NULL,NULL,0,2
505,IV-A-FO-4PS-CBS,FO Pantawid - Capability Building Division,NULL,NULL,IV-A-FO-4PS,4,NULL,NULL,NULL,NULL,0,2
506,IV-A-FO-4PS-CVS,FO Pantawid - Compliance Verification Section,NULL,NULL,IV-A-FO-4PS,4,NULL,NULL,NULL,NULL,0,2
507,IV-A-FO-4PS-FDS,FO Pantawid - Family Development Section,NULL,NULL,IV-A-FO-4PS,4,NULL,NULL,NULL,NULL,0,2
508,IV-A-FO-4PS-GRS,FO Pantawid - Grievance Redress Section,NULL,NULL,IV-A-FO-4PS,4,NULL,NULL,NULL,NULL,0,2
509,IV-A-FO-4PS-IPD,FO Pantawid - Institutional Partnership Section,NULL,NULL,IV-A-FO-4PS,4,NULL,NULL,NULL,NULL,0,2
510,IV-A-FO-4PS-MCCT,FO Pantawid - Modified Conditional Cash Transfer Section,NULL,NULL,IV-A-FO-4PS,4,NULL,NULL,NULL,NULL,0,2
511,IV-A-FO-4PS-OPS,FO Pantawid - Operation,NULL,NULL,IV-A-FO-4PS,4,NULL,NULL,NULL,NULL,0,2
512,IV-A-FO-4PS-PMES,FO Pantawid - Planning and Monitoring and Evaluation Section,NULL,NULL,IV-A-FO-4PS,4,NULL,NULL,NULL,NULL,0,2
513,IV-A-FO-4PS-RPMO,FO Pantawid Regional Program Management Office,NULL,NULL,IV-A-FO-PROSD,4,NULL,NULL,NULL,NULL,0,2
514,IV-A-FO-4PS-SMU,FO Pantawid - Social Marketing Unit,NULL,NULL,IV-A-FO-4PS,4,NULL,NULL,NULL,NULL,0,2
515,IV-A-FO-4PS-SSDMS,FO Pantawid - Social Services Delivery and Management Section,NULL,NULL,IV-A-FO-4PS,4,NULL,NULL,NULL,NULL,0,2
516,IV-A-FO-AD,FO Administrative Division,NULL,NULL,IV-A-FO-OARDA,4,NULL,NULL,NULL,NULL,0,2
517,IV-A-FO-AD-GSS,FO General Service Section,NULL,NULL,IV-A-FO-AD,4,NULL,NULL,NULL,NULL,0,2
518,IV-A-FO-AD-PS,FO Procurement Section,NULL,NULL,IV-A-FO-AD,4,NULL,NULL,NULL,NULL,0,2
519,IV-A-FO-AD-PSS,FO Property and Supply Section,NULL,NULL,IV-A-FO-AD,4,NULL,NULL,NULL,NULL,0,2
520,IV-A-FO-AD-RAMS,FO Records Management Section,NULL,NULL,IV-A-FO-AD,4,NULL,NULL,NULL,NULL,0,2
521,IV-A-FO-ALL,All DSWD Field Office IV-A ,NULL,NULL,NULL,4,NULL,NULL,NULL,NULL,0,2
522,IV-A-FO-BAC,FO Bids and Awards Committee,NULL,NULL,NULL,4,NULL,NULL,NULL,NULL,0,2
523,IV-A-FO-CBS-MTA,FO Minors Travelling Abroad Office,NULL,NULL,IV-A-FO-PSD-COMBS,4,NULL,NULL,NULL,NULL,0,2
524,IV-A-FO-CBSS-ANVRC,FO A/NVRC Island Cluster,NULL,NULL,IV-A-FO-PSD-CBSS,4,NULL,NULL,NULL,NULL,0,2
525,IV-A-FO-CBSS-BT,FO Bahay Tuluyan ng mga Bata,NULL,NULL,IV-A-FO-PSD,4,NULL,NULL,NULL,NULL,0,2
526,IV-A-FO-CBSS-HFTE,FO Haven for the Elderly,NULL,NULL,IV-A-FO-PSD,4,NULL,NULL,NULL,NULL,0,2
527,IV-A-FO-CBSS-NTSB,FO National Training School for Boys,NULL,NULL,IV-A-FO-PSD,4,NULL,NULL,NULL,NULL,0,2
528,IV-A-FO-CBSS-RHGW,FO Regional Home for Girls and Women,NULL,NULL,IV-A-FO-PSD-CBSS,4,NULL,NULL,NULL,NULL,0,2
529,IV-A-FO-CBSS-RSCC,FO Reception and Study Center for Children,NULL,NULL,IV-A-FO-PSD-CBSS,4,NULL,NULL,NULL,NULL,0,2
530,IV-A-FO-CBSS-RSCY,FO Regional Rehabilitation Center for Youth,NULL,NULL,IV-A-FO-PSD-CBSS,4,NULL,NULL,NULL,NULL,0,2
531,IV-A-FO-COA,FO Commision on Audit,NULL,NULL,NULL,4,NULL,NULL,NULL,NULL,0,2
532,IV-A-FO-COMBS-ARRS,FO Adoption Resource and Referral Section,NULL,NULL,IV-A-FO-PSD-COMBS,4,NULL,NULL,NULL,NULL,0,2
533,IV-A-FO-COMBS-SFP,FO Supplementary Feeding Program,NULL,NULL,IV-A-FO-PSD-COMBS,4,NULL,NULL,NULL,NULL,0,2
534,IV-A-FO-COMBS-SPO,FO Social Pension Office,NULL,NULL,IV-A-FO-PSD-COMBS,4,NULL,NULL,NULL,NULL,0,2
535,IV-A-FO-DRMD,FO Disaster Response Management Division,NULL,NULL,IV-A-FO-OARDO,4,NULL,NULL,NULL,NULL,0,2
536,IV-A-FO-DRMD-DRIMS,FO Regional Response & Information Management Section,NULL,NULL,IV-A-FO-DRMD,4,NULL,NULL,NULL,NULL,0,2
537,IV-A-FO-DRMD-DRRMS,FO Disaster Response Rehabilitation Managment Section,NULL,NULL,IV-A-FO-DRMD,4,NULL,NULL,NULL,NULL,0,2
538,IV-A-FO-DRMD-RROS,FO Regiona Resource Operation Section,NULL,NULL,IV-A-FO-DRMD,4,NULL,NULL,NULL,NULL,0,2
539,IV-A-FO-FMD,FO Financial Management Division,NULL,NULL,IV-A-FO-OARDA,4,NULL,NULL,NULL,NULL,0,2
540,IV-A-FO-FMD-AS,FO Accounting Section,NULL,NULL,IV-A-FO-FMD,4,NULL,NULL,NULL,NULL,0,2
541,IV-A-FO-FMD-BS,FO Budget Section,NULL,NULL,IV-A-FO-FMD,4,NULL,NULL,NULL,NULL,0,2
542,IV-A-FO-FMD-CS,FO Cash Section,NULL,NULL,IV-A-FO-FMD,4,NULL,NULL,NULL,NULL,0,2
543,IV-A-FO-HRMDD,FO Human Resource Management and Development Division,NULL,NULL,IV-A-FO-OARDA,4,NULL,NULL,NULL,NULL,0,2
544,IV-A-FO-HRMDD-HRPPMS,FO Human Resource Planning and Performance Management Section,NULL,NULL,IV-A-FO-HRMDD,4,NULL,NULL,NULL,NULL,0,2
545,IV-A-FO-HRMDD-HRWS,FO Human Resource Welfare Section,NULL,NULL,IV-A-FO-HRMDD,4,NULL,NULL,NULL,NULL,0,2
546,IV-A-FO-HRMDD-LDS,FO Learning and Development Section,NULL,NULL,IV-A-FO-HRMDD,4,NULL,NULL,NULL,NULL,0,2
547,IV-A-FO-HRMDD-PAS,FO Personal Administration Section,NULL,NULL,IV-A-FO-HRMDD,4,NULL,NULL,NULL,NULL,0,2
548,IV-A-FO-IAU,FO Internal Audit Unit,NULL,NULL,IV-A-FO-ORD,4,NULL,NULL,NULL,NULL,0,2
549,IV-A-FO-KC,FO Kalhi-CIDSS PMO,NULL,NULL,IV-A-FO-PROSD,4,NULL,NULL,NULL,NULL,0,2
550,IV-A-FO-LU,FO Legal Unit,NULL,NULL,IV-A-FO-ORD,4,NULL,NULL,NULL,NULL,0,2
551,IV-A-FO-OARDA,FO Office of Assistant Regional Director for Administration,NULL,NULL,IV-A-FO-ORD,4,NULL,NULL,NULL,NULL,0,2
552,IV-A-FO-OARDO,FO Office of Assistant Regional Director for Operation,NULL,NULL,IV-A-FO-ORD,4,NULL,NULL,NULL,NULL,0,2
553,IV-A-FO-ORD,FO Office of the Regional Director,NULL,NULL,NULL,4,NULL,NULL,NULL,NULL,0,2
554,IV-A-FO-ORD-STU,FO Social Technology Unit,NULL,NULL,IV-A-FO-ORD,4,NULL,NULL,NULL,NULL,0,2
555,IV-A-FO-PPD,FO Policy and Plans Division,NULL,NULL,IV-A-FO-ORD,4,NULL,NULL,NULL,NULL,0,2
556,IV-A-FO-PPD-ICT,FO Information & Planning Communication Technology Section,NULL,NULL,IV-A-FO-ORD,4,NULL,NULL,NULL,NULL,0,2
557,IV-A-FO-PPD-NHTS,FO National Household Targetting Section,NULL,NULL,IV-A-FO-ORD,4,NULL,NULL,NULL,NULL,0,2
558,IV-A-FO-PPD-PDPS,FO Policy Development and Planning Section,NULL,NULL,IV-A-FO-PPD,4,NULL,NULL,NULL,NULL,0,2
559,IV-A-FO-PPD-SS,FO Standard Section,NULL,NULL,IV-A-FO-ORD,4,NULL,NULL,NULL,NULL,0,2
560,IV-A-FO-PPD-UCT,FO Unconditional Cash Transfer,NULL,NULL,IV-A-FO-PPD,4,NULL,NULL,NULL,NULL,0,2
561,IV-A-FO-PROMSD,FO Promotive Service Division,NULL,NULL,IV-A-FO-OARDO,4,NULL,NULL,NULL,NULL,0,2
562,IV-A-FO-PROMSD-EPAHP,FO Enhance Partnership Against Hunger and Poverty,NULL,NULL,IV-A-FO-PROMSD,4,NULL,NULL,NULL,NULL,0,2
563,IV-A-FO-PROMSD-SLP,FO Sustainable Livelihood Program PMO,NULL,NULL,IV-A-FO-PROSD,4,NULL,NULL,NULL,NULL,0,2
564,IV-A-FO-PSD,FO Protective Service Division,NULL,NULL,IV-A-FO-OARDO,4,NULL,NULL,NULL,NULL,0,2
565,IV-A-FO-PSD-CBS,FO Capacity Building Section,NULL,NULL,IV-A-FO-PSD,4,NULL,NULL,NULL,NULL,0,2
566,IV-A-FO-PSD-CBSS,FO Center Based Services Section,NULL,NULL,IV-A-FO-PSD,4,NULL,NULL,NULL,NULL,0,2
567,IV-A-FO-PSD-CIS,FO Crisis Intervention Section,NULL,NULL,IV-A-FO-PSD,4,NULL,NULL,NULL,NULL,0,2
568,IV-A-FO-PSD-COMBS,FO Community Based Services Section,NULL,NULL,IV-A-FO-PSD,4,NULL,NULL,NULL,NULL,0,2
569,IV-A-FO-SMU,FO Social Marketing Unit,NULL,NULL,IV-A-FO-ORD,4,NULL,NULL,NULL,NULL,0,2
570,IV-B-FO-4PS-AS,FO Pantawid - Administrative Section,NULL,NULL,IV-B-FO-4PS,17,NULL,NULL,NULL,NULL,0,2
571,IV-B-FO-4PS-BDM,FO Pantawid - Beneficiary Data Management Section,NULL,NULL,IV-B-FO-4PS,17,NULL,NULL,NULL,NULL,0,2
572,IV-B-FO-4PS-CBS,FO Pantawid - Capability Building Division,NULL,NULL,IV-B-FO-4PS,17,NULL,NULL,NULL,NULL,0,2
573,IV-B-FO-4PS-CVS,FO Pantawid - Compliance Verification Section,NULL,NULL,IV-B-FO-4PS,17,NULL,NULL,NULL,NULL,0,2
574,IV-B-FO-4PS-FDS,FO Pantawid - Family Development Section,NULL,NULL,IV-B-FO-4PS,17,NULL,NULL,NULL,NULL,0,2
575,IV-B-FO-4PS-GRS,FO Pantawid - Grievance Redress Section,NULL,NULL,IV-B-FO-4PS,17,NULL,NULL,NULL,NULL,0,2
576,IV-B-FO-4PS-IPD,FO Pantawid - Institutional Partnership Section,NULL,NULL,IV-B-FO-4PS,17,NULL,NULL,NULL,NULL,0,2
577,IV-B-FO-4PS-MCCT,FO Pantawid - Modified Conditional Cash Transfer Section,NULL,NULL,IV-B-FO-4PS,17,NULL,NULL,NULL,NULL,0,2
578,IV-B-FO-4PS-OPS,FO Pantawid - Operation,NULL,NULL,IV-B-FO-4PS,17,NULL,NULL,NULL,NULL,0,2
579,IV-B-FO-4PS-PMES,FO Pantawid - Planning and Monitoring and Evaluation Section,NULL,NULL,IV-B-FO-4PS,17,NULL,NULL,NULL,NULL,0,2
580,IV-B-FO-4PS-POO-MAR,FO Pantawid-Provincial Operations Office - Marinduque,NULL,NULL,IV-B-FO-4PS,17,NULL,NULL,NULL,NULL,0,2
581,IV-B-FO-4PS-POO-OCCI,FO Pantawid-Provincial Operations Office - Occidental Mindoro,NULL,NULL,IV-B-FO-4PS,17,NULL,NULL,NULL,NULL,0,2
582,IV-B-FO-4PS-POO-ORMIN,FO Pantawid-Provincial Operations Office - Oriental Mindoro,NULL,NULL,IV-B-FO-4PS,17,NULL,NULL,NULL,NULL,0,2
583,IV-B-FO-4PS-POO-PAL,FO Pantawid-Provincial Operations Office - Palawan,NULL,NULL,IV-B-FO-4PS,17,NULL,NULL,NULL,NULL,0,2
584,IV-B-FO-4PS-POO-ROM,FO Pantawid-Provincial Operations Office - Romblon,NULL,NULL,IV-B-FO-4PS,17,NULL,NULL,NULL,NULL,0,2
585,IV-B-FO-4PS-RPMO,FO Pantawid Regional Program Management Office,NULL,NULL,IV-B-FO-PROSD,17,NULL,NULL,NULL,NULL,0,2
586,IV-B-FO-4PS-SMU,FO Pantawid - Social Marketing Unit,NULL,NULL,IV-B-FO-4PS,17,NULL,NULL,NULL,NULL,0,2
587,IV-B-FO-4PS-SSDMS,FO Pantawid - Social Services Delivery and Management Section,NULL,NULL,IV-B-FO-4PS,17,NULL,NULL,NULL,NULL,0,2
588,IV-B-FO-AD,FO Administrative Division,NULL,NULL,IV-B-FO-OARDA,17,NULL,NULL,NULL,NULL,0,2
589,IV-B-FO-AD-GSS,FO General Service Section,NULL,NULL,IV-B-FO-AD,17,NULL,NULL,NULL,NULL,0,2
590,IV-B-FO-AD-PS,FO Procurement Section,NULL,NULL,IV-B-FO-AD,17,NULL,NULL,NULL,NULL,0,2
591,IV-B-FO-AD-PSS,FO Property and Supply Section,NULL,NULL,IV-B-FO-AD,17,NULL,NULL,NULL,NULL,0,2
592,IV-B-FO-AD-RAMS,FO Records and Archives Management Section,NULL,NULL,IV-B-FO-AD,17,NULL,NULL,1825,7/14/2022 14:31,0,2
593,IV-B-FO-ALL,All DSWD Field Office IV-B,NULL,NULL,NULL,17,NULL,NULL,NULL,NULL,0,2
594,IV-B-FO-BAC,FO Bids and Awards Committee,NULL,NULL,NULL,17,NULL,NULL,NULL,NULL,0,2
595,IV-B-FO-CBS-MTA,FO Minors Travelling Abroad Office,NULL,NULL,IV-B-FO-PSD-COMBS,17,NULL,NULL,NULL,NULL,0,2
596,IV-B-FO-CBSS-ANVRC,FO A/NVRC Island Cluster,NULL,NULL,IV-B-FO-PSD-CBSS,17,NULL,NULL,NULL,NULL,0,2
597,IV-B-FO-CBSS-RHGW,FO Regional Home for Girls and Women,NULL,NULL,IV-B-FO-PSD-CBSS,17,NULL,NULL,NULL,NULL,0,2
598,IV-B-FO-CBSS-RSCC,FO Reception and Study Center for Children,NULL,NULL,IV-B-FO-PSD-CBSS,17,NULL,NULL,NULL,NULL,0,2
599,IV-B-FO-CBSS-RSCY,FO Regional Rehabilitation Center for Youth,NULL,NULL,IV-B-FO-PSD-CBSS,17,NULL,NULL,NULL,NULL,0,2
600,IV-B-FO-COA,FO Commision on Audit,NULL,NULL,NULL,17,NULL,NULL,NULL,NULL,0,2
601,IV-B-FO-COMBS-ARRS,FO Adoption Resource and Referral Section,NULL,NULL,IV-B-FO-PSD-COMBS,17,NULL,NULL,NULL,NULL,0,2
602,IV-B-FO-COMBS-SFP,FO Supplementary Feeding Program,NULL,NULL,IV-B-FO-PSD-COMBS,17,NULL,NULL,NULL,NULL,0,2
603,IV-B-FO-COMBS-SPO,FO Social Pension Office,NULL,NULL,IV-B-FO-PSD-COMBS,17,NULL,NULL,NULL,NULL,0,2
604,IV-B-FO-DRMD,FO Disaster Response Management Division (Gen Admin),NULL,NULL,IV-B-FO-OARDO,17,NULL,NULL,1830,7/14/2022 14:47,0,2
605,IV-B-FO-DRMD-DRIMS,FO Disaster Response Information and Management Section,NULL,NULL,IV-B-FO-DRMD,17,NULL,NULL,1830,7/14/2022 14:45,0,2
606,IV-B-FO-DRMD-DRRMS,FO Disaster Response and Rehabilitation Section,NULL,NULL,IV-B-FO-DRMD,17,NULL,NULL,1830,7/14/2022 14:44,0,2
607,IV-B-FO-DRMD-RROS,FO Regional Resource Operations Section,NULL,NULL,IV-B-FO-DRMD,17,NULL,NULL,1830,7/14/2022 14:46,0,2
608,IV-B-FO-FMD,FO Financial Management Division,NULL,NULL,IV-B-FO-OARDA,17,NULL,NULL,NULL,NULL,0,2
609,IV-B-FO-FMD-AS,FO Accounting Section,NULL,NULL,IV-B-FO-FMD,17,NULL,NULL,NULL,NULL,0,2
610,IV-B-FO-FMD-BS,FO Budget Section,NULL,NULL,IV-B-FO-FMD,17,NULL,NULL,NULL,NULL,0,2
611,IV-B-FO-FMD-CS,FO Cash Section,NULL,NULL,IV-B-FO-FMD,17,NULL,NULL,NULL,NULL,0,2
612,IV-B-FO-HRMDD,FO Human Resource Management and Development Division,NULL,NULL,IV-B-FO-OARDA,17,NULL,NULL,NULL,NULL,0,2
613,IV-B-FO-HRMDD-HRPPMS,FO Human Resource Planning and Performance Management Section,NULL,NULL,IV-B-FO-HRMDD,17,NULL,NULL,NULL,NULL,0,2
614,IV-B-FO-HRMDD-HRWS,FO Human Resource Welfare Section,NULL,NULL,IV-B-FO-HRMDD,17,NULL,NULL,NULL,NULL,0,2
615,IV-B-FO-HRMDD-LDS,FO Learning and Development Section,NULL,NULL,IV-B-FO-HRMDD,17,NULL,NULL,NULL,NULL,0,2
616,IV-B-FO-HRMDD-PAS,FO Personal Administration Section,NULL,NULL,IV-B-FO-HRMDD,17,NULL,NULL,NULL,NULL,0,2
617,IV-B-FO-IAU,FO Internal Audit Unit,NULL,NULL,IV-B-FO-ORD,17,NULL,NULL,NULL,NULL,0,2
618,IV-B-FO-KC,FO Kalhi-CIDSS PMO,NULL,NULL,IV-B-FO-PROSD,17,NULL,NULL,NULL,NULL,0,2
619,IV-B-FO-LU,FO Legal Unit,NULL,NULL,IV-B-FO-ORD,17,NULL,NULL,NULL,NULL,0,2
620,IV-B-FO-OARDA,FO Office of Assistant Regional Director for Administration,NULL,NULL,IV-B-FO-ORD,17,NULL,NULL,NULL,NULL,0,2
621,IV-B-FO-OARDO,FO Office of Assistant Regional Director for Operation,NULL,NULL,IV-B-FO-ORD,17,NULL,NULL,NULL,NULL,0,2
622,IV-B-FO-ORD,FO Office of the Regional Director,NULL,NULL,NULL,17,NULL,NULL,NULL,NULL,0,2
623,IV-B-FO-ORD-RSCWC,FO Regional Sub-Committee for the Welfare of Children,NULL,NULL,NULL,17,1825,7/14/2022 16:27,NULL,NULL,0,2
624,IV-B-FO-ORD-STU,FO Social Technology Unit,NULL,NULL,NULL,17,1830,7/14/2022 14:42,NULL,NULL,0,2
625,IV-B-FO-ORD-TARA,FO Technical Assistance and Resource Augmentation,NULL,NULL,NULL,17,1825,7/14/2022 14:44,NULL,NULL,0,2
626,IV-B-FO-PPD,FO Policy and Plans Division,NULL,NULL,IV-B-FO-ORD,17,NULL,NULL,NULL,NULL,0,2
627,IV-B-FO-PPD-ICT,FO Information & Planning Communication Technology Section,NULL,NULL,IV-B-FO-ORD,17,NULL,NULL,NULL,NULL,0,2
628,IV-B-FO-PPD-NHTS,FO National Household Targetting Section,NULL,NULL,IV-B-FO-ORD,17,NULL,NULL,NULL,NULL,0,2
629,IV-B-FO-PPD-PDPS,FO  Policy Development and Planning Section,NULL,NULL,NULL,17,1827,7/14/2022 13:24,NULL,NULL,0,2
630,IV-B-FO-PPD-SS,FO Standard Section,NULL,NULL,IV-B-FO-ORD,17,NULL,NULL,NULL,NULL,0,2
631,IV-B-FO-PPD-UCT,FO Unconditional Cash Transfer,NULL,NULL,NULL,17,1825,7/14/2022 14:42,NULL,NULL,0,2
632,IV-B-FO-PROMSD,FO Promotive Service Division,NULL,NULL,IV-B-FO-OARDO,17,NULL,NULL,NULL,NULL,0,2
633,IV-B-FO-PROMSD-EPAHP,FO Enhance Partnership Against Hunger and Poverty,NULL,NULL,IV-B-FO-PROMSD,17,NULL,NULL,NULL,NULL,0,2
634,IV-B-FO-PROMSD-SLP,FO Sustainable Livelihood Program PMO,NULL,NULL,IV-B-FO-PROSD,17,NULL,NULL,NULL,NULL,0,2
635,IV-B-FO-PROSD-EPAHP,FO Enhanced Partnership Against Hunger and Poverty,NULL,NULL,NULL,17,1826,7/14/2022 14:52,1826,7/14/2022 14:54,1,2
636,IV-B-FO-PSD,FO Protective Service Division,NULL,NULL,IV-B-FO-OARDO,17,NULL,NULL,NULL,NULL,0,2
637,IV-B-FO-PSD-CBS,FO Capacity Building Section,NULL,NULL,IV-B-FO-PSD,17,NULL,NULL,NULL,NULL,0,2
638,IV-B-FO-PSD-CBSS,FO Center Based Services Section,NULL,NULL,IV-B-FO-PSD,17,NULL,NULL,NULL,NULL,0,2
639,IV-B-FO-PSD-CIS,FO Crisis Intervention Section,NULL,NULL,IV-B-FO-PSD,17,NULL,NULL,NULL,NULL,0,2
640,IV-B-FO-PSD-COMBS,FO Community Based Services Section,NULL,NULL,IV-B-FO-PSD,17,NULL,NULL,NULL,NULL,0,2
641,IV-B-FO-PSD-EPAHP,FO Enhanced Partnership Against Hunger and Poverty,NULL,NULL,NULL,17,1826,7/14/2022 14:48,1826,7/14/2022 14:51,1,2
642,IV-B-FO-PSD-MYC,FO MIMAROPA Youth Center,NULL,NULL,NULL,17,1825,7/18/2022 9:55,NULL,NULL,0,2
643,IV-B-FO-PSD-SFP,FO Supplementary Feeding Program,NULL,NULL,NULL,17,1826,7/14/2022 14:59,NULL,NULL,0,2
644,IV-B-FO-PSD-SP,FO Social Pension,NULL,NULL,NULL,17,1826,7/14/2022 14:42,NULL,NULL,0,2
645,IV-B-FO-SMU,FO Social Marketing Unit,NULL,NULL,IV-B-FO-ORD,17,NULL,NULL,NULL,NULL,0,2
646,IV-B-FO-SWAD-MAR,FO-Social Welfare and Development Office-Marinduque,NULL,NULL,IV-B-FO-PSD,17,NULL,NULL,NULL,NULL,0,2
647,IV-B-FO-SWAD-OCCI,FO-Social Welfare and Development Office-Occidental Mindoro,NULL,NULL,IV-B-FO-PSD,17,NULL,NULL,NULL,NULL,0,2
648,IV-B-FO-SWAD-ORMIN,FO-Social Welfare and Development Office-Oriental Mindoro,NULL,NULL,IV-B-FO-PSD,17,NULL,NULL,NULL,NULL,0,2
649,IV-B-FO-SWAD-PAL,FO-Social Welfare and Development Office-Palawan,NULL,NULL,IV-B-FO-PSD,17,NULL,NULL,NULL,NULL,0,2
650,IV-B-FO-SWAD-ROM,FO-Social Welfare and Development Office-Romblon,NULL,NULL,IV-B-FO-PSD,17,NULL,NULL,NULL,NULL,0,2
651,IX-FO-4PS-AS,FO Pantawid - Administrative Section,NULL,NULL,IX-FO-4PS,9,NULL,NULL,NULL,NULL,0,2
652,IX-FO-4PS-BDM,FO Pantawid - Beneficiary Data Management Section,NULL,NULL,IX-FO-4PS,9,NULL,NULL,NULL,NULL,0,2
653,IX-FO-4PS-CBS,FO Pantawid - Capability Building Division,NULL,NULL,IX-FO-4PS,9,NULL,NULL,NULL,NULL,0,2
654,IX-FO-4PS-CVS,FO Pantawid - Compliance Verification Section,NULL,NULL,IX-FO-4PS,9,NULL,NULL,NULL,NULL,0,2
655,IX-FO-4PS-FDS,FO Pantawid - Family Development Section,NULL,NULL,IX-FO-4PS,9,NULL,NULL,NULL,NULL,0,2
656,IX-FO-4PS-GRS,FO Pantawid - Grievance Redress Section,NULL,NULL,IX-FO-4PS,9,NULL,NULL,NULL,NULL,0,2
657,IX-FO-4PS-IPD,FO Pantawid - Institutional Partnership Section,NULL,NULL,IX-FO-4PS,9,NULL,NULL,NULL,NULL,0,2
658,IX-FO-4PS-MCCT,FO Pantawid - Modified Conditional Cash Transfer Section,NULL,NULL,IX-FO-4PS,9,NULL,NULL,NULL,NULL,0,2
659,IX-FO-4PS-OPS,FO Pantawid - Operation,NULL,NULL,IX-FO-4PS,9,NULL,NULL,NULL,NULL,0,2
660,IX-FO-4PS-PMES,FO Pantawid - Planning and Monitoring and Evaluation Section,NULL,NULL,IX-FO-4PS,9,NULL,NULL,NULL,NULL,0,2
661,IX-FO-4PS-RPMO,FO Pantawid Regional Program Management Office,NULL,NULL,IX-FO-PROSD,9,NULL,NULL,NULL,NULL,0,2
662,IX-FO-4PS-SMU,FO Pantawid - Social Marketing Unit,NULL,NULL,IX-FO-4PS,9,NULL,NULL,NULL,NULL,0,2
663,IX-FO-4PS-SSDMS,FO Pantawid - Social Services Delivery and Management Section,NULL,NULL,IX-FO-4PS,9,NULL,NULL,NULL,NULL,0,2
664,IX-FO-AD,FO Administrative Division,NULL,NULL,IX-FO-OARDA,9,NULL,NULL,NULL,NULL,0,2
665,IX-FO-AD-GSS,FO General Service Section,NULL,NULL,IX-FO-AD,9,NULL,NULL,NULL,NULL,0,2
666,IX-FO-AD-PS,FO Procurement Section,NULL,NULL,IX-FO-AD,9,NULL,NULL,NULL,NULL,0,2
667,IX-FO-AD-PSS,FO Property and Supply Section,NULL,NULL,IX-FO-AD,9,NULL,NULL,NULL,NULL,0,2
668,IX-FO-AD-RAMS,FO Records Management Section,NULL,NULL,IX-FO-AD,9,NULL,NULL,NULL,NULL,0,2
669,IX-FO-ALL,All DSWD Field Office IX,NULL,NULL,NULL,9,NULL,NULL,NULL,NULL,0,2
670,IX-FO-BAC,FO Bids and Awards Committee,NULL,NULL,NULL,9,NULL,NULL,NULL,NULL,0,2
671,IX-FO-CBS-MTA,FO Minors Travelling Abroad Office,NULL,NULL,IX-FO-PSD-COMBS,9,NULL,NULL,NULL,NULL,0,2
672,IX-FO-CBSS-ANVRC,FO A/NVRC Island Cluster,NULL,NULL,IX-FO-PSD-CBSS,9,NULL,NULL,NULL,NULL,0,2
673,IX-FO-CBSS-RHGW,FO Regional Home for Girls and Women,NULL,NULL,IX-FO-PSD-CBSS,9,NULL,NULL,NULL,NULL,0,2
674,IX-FO-CBSS-RSCC,FO Reception and Study Center for Children,NULL,NULL,IX-FO-PSD-CBSS,9,NULL,NULL,NULL,NULL,0,2
675,IX-FO-CBSS-RSCY,FO Regional Rehabilitation Center for Youth,NULL,NULL,IX-FO-PSD-CBSS,9,NULL,NULL,NULL,NULL,0,2
676,IX-FO-COA,FO Commision on Audit,NULL,NULL,NULL,9,NULL,NULL,NULL,NULL,0,2
677,IX-FO-COMBS-ARRS,FO Adoption Resource and Referral Section,NULL,NULL,IX-FO-PSD-COMBS,9,NULL,NULL,NULL,NULL,0,2
678,IX-FO-COMBS-SFP,FO Supplementary Feeding Program,NULL,NULL,IX-FO-PSD-COMBS,9,NULL,NULL,NULL,NULL,0,2
679,IX-FO-COMBS-SPO,FO Social Pension Office,NULL,NULL,IX-FO-PSD-COMBS,9,NULL,NULL,NULL,NULL,0,2
680,IX-FO-DRMD,FO Disaster Response Management Division,NULL,NULL,IX-FO-OARDO,9,NULL,NULL,NULL,NULL,0,2
681,IX-FO-DRMD-DRIMS,FO Regional Response & Information Management Section,NULL,NULL,IX-FO-DRMD,9,NULL,NULL,NULL,NULL,0,2
682,IX-FO-DRMD-DRRMS,FO Disaster Response Rehabilitation Managment Section,NULL,NULL,IX-FO-DRMD,9,NULL,NULL,NULL,NULL,0,2
683,IX-FO-DRMD-RROS,FO Regiona Resource Operation Section,NULL,NULL,IX-FO-DRMD,9,NULL,NULL,NULL,NULL,0,2
684,IX-FO-FMD,FO Financial Management Division,NULL,NULL,IX-FO-OARDA,9,NULL,NULL,NULL,NULL,0,2
685,IX-FO-FMD-AS,FO Accounting Section,NULL,NULL,IX-FO-FMD,9,NULL,NULL,NULL,NULL,0,2
686,IX-FO-FMD-BS,FO Budget Section,NULL,NULL,IX-FO-FMD,9,NULL,NULL,NULL,NULL,0,2
687,IX-FO-FMD-CS,FO Cash Section,NULL,NULL,IX-FO-FMD,9,NULL,NULL,NULL,NULL,0,2
688,IX-FO-HRMDD,FO Human Resource Management and Development Division,NULL,NULL,IX-FO-OARDA,9,NULL,NULL,NULL,NULL,0,2
689,IX-FO-HRMDD-HRPPMS,FO Human Resource Planning and Performance Management Section,NULL,NULL,IX-FO-HRMDD,9,NULL,NULL,NULL,NULL,0,2
690,IX-FO-HRMDD-HRWS,FO Human Resource Welfare Section,NULL,NULL,IX-FO-HRMDD,9,NULL,NULL,NULL,NULL,0,2
691,IX-FO-HRMDD-LDS,FO Learning and Development Section,NULL,NULL,IX-FO-HRMDD,9,NULL,NULL,NULL,NULL,0,2
692,IX-FO-HRMDD-PAS,FO Personal Administration Section,NULL,NULL,IX-FO-HRMDD,9,NULL,NULL,NULL,NULL,0,2
693,IX-FO-IAU,FO Internal Audit Unit,NULL,NULL,IX-FO-ORD,9,NULL,NULL,NULL,NULL,0,2
694,IX-FO-KC,FO Kalhi-CIDSS PMO,NULL,NULL,IX-FO-PROSD,9,NULL,NULL,NULL,NULL,0,2
695,IX-FO-LU,FO Legal Unit,NULL,NULL,IX-FO-ORD,9,NULL,NULL,NULL,NULL,0,2
696,IX-FO-OARDA,FO Office of Assistant Regional Director for Administration,NULL,NULL,IX-FO-ORD,9,NULL,NULL,NULL,NULL,0,2
697,IX-FO-OARDO,FO Office of Assistant Regional Director for Operation,NULL,NULL,IX-FO-ORD,9,NULL,NULL,NULL,NULL,0,2
698,IX-FO-ORD,FO Office of the Regional Director,NULL,NULL,NULL,9,NULL,NULL,NULL,NULL,0,2
699,IX-FO-ORD-STU,FO Social Technology Unit,NULL,NULL,IX-FO-ORD,9,NULL,NULL,NULL,NULL,0,2
700,IX-FO-PPD,FO Policy and Plans Division,NULL,NULL,IX-FO-ORD,9,NULL,NULL,NULL,NULL,0,2
701,IX-FO-PPD-ICT,FO Information & Planning Communication Technology Section,NULL,NULL,IX-FO-ORD,9,NULL,NULL,NULL,NULL,0,2
702,IX-FO-PPD-NHTS,FO National Household Targetting Section,NULL,NULL,IX-FO-ORD,9,NULL,NULL,NULL,NULL,0,2
703,IX-FO-PPD-PDPS,FO Policy Development and Planning Section,NULL,NULL,IX-FO-PPD,9,NULL,NULL,NULL,NULL,0,2
704,IX-FO-PPD-SS,FO Standard Section,NULL,NULL,IX-FO-ORD,9,NULL,NULL,NULL,NULL,0,2
705,IX-FO-PPD-UCT,FO Unconditional Cash Transfer,NULL,NULL,IX-FO-PPD,9,NULL,NULL,NULL,NULL,0,2
706,IX-FO-PROMSD,FO Promotive Service Division,NULL,NULL,IX-FO-OARDO,9,NULL,NULL,NULL,NULL,0,2
707,IX-FO-PROMSD-EPAHP,FO Enhance Partnership Against Hunger and Poverty,NULL,NULL,IX-FO-PROMSD,9,NULL,NULL,NULL,NULL,0,2
708,IX-FO-PROMSD-SLP,FO Sustainable Livelihood Program PMO,NULL,NULL,IX-FO-PROSD,9,NULL,NULL,NULL,NULL,0,2
709,IX-FO-PSD,FO Protective Service Division,NULL,NULL,IX-FO-OARDO,9,NULL,NULL,NULL,NULL,0,2
710,IX-FO-PSD-CBS,FO Capacity Building Section,NULL,NULL,IX-FO-PSD,9,NULL,NULL,NULL,NULL,0,2
711,IX-FO-PSD-CBSS,FO Center Based Services Section,NULL,NULL,IX-FO-PSD,9,NULL,NULL,NULL,NULL,0,2
712,IX-FO-PSD-CIS,FO Crisis Intervention Section,NULL,NULL,IX-FO-PSD,9,NULL,NULL,NULL,NULL,0,2
713,IX-FO-PSD-COMBS,FO Community Based Services Section,NULL,NULL,IX-FO-PSD,9,NULL,NULL,NULL,NULL,0,2
714,IX-FO-SMU,FO Social Marketing Unit,NULL,NULL,IX-FO-ORD,9,NULL,NULL,NULL,NULL,0,2
715,JJWC,JUVENILE JUSTICE AND WELFARE COUNCIL,NULL,NULL,NULL,CO,8,9/21/2021 10:26,4,5/2/2022 14:25,0,5
716,KC-NPMO,KALAHI-CIDSS - National Program Management Office,DIR. JANET P. ARMAS,NULL,OASSPECPRO,CO,68,8/29/2015 14:24,68,NULL,0,2
717,LS,Legal Service,OIC-DIR. MARIA CASSANDRA M. URBIZTONDO,NULL,OUSGASS,CO,16,9/12/2014 16:52,68,NULL,0,2
718,LS-LAD,Legal Service-Legal Assistance Division,MARIA CASSANDRA M. URBIZTONDO,NULL,LS,CO,68,5/6/2019 7:27,68,NULL,0,3
719,LS-LDM,Legal Service-Legal Management Division,ANDREA NIKKA A. YARANON,NULL,LS,CO,68,5/6/2019 7:28,68,NULL,0,3
720,NCR-FO-4PS-AS,FO Pantawid - Administrative Section,NULL,NULL,NCR-FO-4PS,13,NULL,NULL,NULL,NULL,0,2
721,NCR-FO-4PS-BDM,FO Pantawid - Beneficiary Data Management Section,NULL,NULL,NCR-FO-4PS,13,NULL,NULL,NULL,NULL,0,2
722,NCR-FO-4PS-CBS,FO Pantawid - Capability Building Division,NULL,NULL,NCR-FO-4PS,13,NULL,NULL,NULL,NULL,0,2
723,NCR-FO-4PS-CVS,FO Pantawid - Compliance Verification Section,NULL,NULL,NCR-FO-4PS,13,NULL,NULL,NULL,NULL,0,2
724,NCR-FO-4PS-FDS,FO Pantawid - Family Development Section,NULL,NULL,NCR-FO-4PS,13,NULL,NULL,NULL,NULL,0,2
725,NCR-FO-4PS-GRS,FO Pantawid - Grievance Redress Section,NULL,NULL,NCR-FO-4PS,13,NULL,NULL,NULL,NULL,0,2
726,NCR-FO-4PS-IPD,FO Pantawid - Institutional Partnership Section,NULL,NULL,NCR-FO-4PS,13,NULL,NULL,NULL,NULL,0,2
727,NCR-FO-4PS-MCCT,FO Pantawid - Modified Conditional Cash Transfer Section,NULL,NULL,NCR-FO-4PS,13,NULL,NULL,NULL,NULL,0,2
728,NCR-FO-4PS-OPS,FO Pantawid - Operation,NULL,NULL,NCR-FO-4PS,13,NULL,NULL,NULL,NULL,0,2
729,NCR-FO-4PS-PMES,FO Pantawid - Planning and Monitoring and Evaluation Section,NULL,NULL,NCR-FO-4PS,13,NULL,NULL,NULL,NULL,0,2
730,NCR-FO-4PS-RPMO,FO Pantawid Regional Program Management Office,NULL,NULL,NCR-FO-PROSD,13,NULL,NULL,NULL,NULL,0,2
731,NCR-FO-4PS-SMU,FO Pantawid - Social Marketing Unit,NULL,NULL,NCR-FO-4PS,13,NULL,NULL,NULL,NULL,0,2
732,NCR-FO-4PS-SSDMS,FO Pantawid - Social Services Delivery and Management Section,NULL,NULL,NCR-FO-4PS,13,NULL,NULL,NULL,NULL,0,2
733,NCR-FO-AD,FO Administrative Division,NULL,NULL,NCR-FO-OARDA,13,NULL,NULL,NULL,NULL,0,2
734,NCR-FO-AD-GSS,FO General Service Section,NULL,NULL,NCR-FO-AD,13,NULL,NULL,NULL,NULL,0,2
735,NCR-FO-AD-PS,FO Procurement Section,NULL,NULL,NCR-FO-AD,13,NULL,NULL,NULL,NULL,0,2
736,NCR-FO-AD-PSS,FO Property and Supply Section,NULL,NULL,NCR-FO-AD,13,NULL,NULL,NULL,NULL,0,2
737,NCR-FO-AD-RAMS,FO Records Management Section,NULL,NULL,NCR-FO-AD,13,NULL,NULL,NULL,NULL,0,2
738,NCR-FO-ALL,All DSWD Field Office NCR,NULL,NULL,NULL,13,NULL,NULL,NULL,NULL,0,2
739,NCR-FO-BAC,FO Bids and Awards Committee,NULL,NULL,NULL,13,NULL,NULL,NULL,NULL,0,2
740,NCR-FO-CBS-MTA,FO Minors Travelling Abroad Office,NULL,NULL,NCR-FO-PSD-COMBS,13,NULL,NULL,NULL,NULL,0,2
741,NCR-FO-CBSS-ANVRC,FO A/NVRC Island Cluster,NULL,NULL,NCR-FO-PSD-CBSS,13,NULL,NULL,NULL,NULL,0,2
742,NCR-FO-CBSS-EGV,FO CBSS Elsie Gaches VIllage,NULL,NULL,IV-B-FO-PSD,13,NULL,NULL,NULL,NULL,0,2
743,NCR-FO-CBSS-HFC,FO CBSS Haven for Children,NULL,NULL,IV-B-FO-PSD,13,NULL,NULL,NULL,NULL,0,2
744,NCR-FO-CBSS-INA,FO CBSS INA Healing Center,NULL,NULL,IV-B-FO-PSD,13,NULL,NULL,NULL,NULL,0,2
745,NCR-FO-CBSS-JFC,FO CBSS Jose Fabella Center,NULL,NULL,IV-B-FO-PSD,13,NULL,NULL,NULL,NULL,0,2
746,NCR-FO-CBSS-MH,FO CBSS Marillac Hills ,NULL,NULL,IV-B-FO-PSD,13,NULL,NULL,NULL,NULL,0,2
747,NCR-FO-CBSS-RHGW,FO Regional Home for Girls and Women,NULL,NULL,NCR-FO-PSD-CBSS,13,NULL,NULL,NULL,NULL,0,2
748,NCR-FO-CBSS-RSCC,FO Reception and Study Center for Children,NULL,NULL,NCR-FO-PSD-CBSS,13,NULL,NULL,NULL,NULL,0,2
749,NCR-FO-CBSS-RSCY,FO Regional Rehabilitation Center for Youth,NULL,NULL,NCR-FO-PSD-CBSS,13,NULL,NULL,NULL,NULL,0,2
750,NCR-FO-CBSS-RSW,FO CBSS Rehabilitation Sheltered Workshop,NULL,NULL,IV-B-FO-PSD,13,NULL,NULL,NULL,NULL,0,2
751,NCR-FO-CBSS-SC,FO CBSS Sanctuary Center,NULL,NULL,IV-B-FO-PSD,13,NULL,NULL,NULL,NULL,0,2
752,NCR-FO-COA,FO Commision on Audit,NULL,NULL,NULL,13,NULL,NULL,NULL,NULL,0,2
753,NCR-FO-COMBS-ARRS,FO Adoption Resource and Referral Section,NULL,NULL,NCR-FO-PSD-COMBS,13,NULL,NULL,NULL,NULL,0,2
754,NCR-FO-COMBS-SFP,FO Supplementary Feeding Program,NULL,NULL,NCR-FO-PSD-COMBS,13,NULL,NULL,NULL,NULL,0,2
755,NCR-FO-COMBS-SPO,FO Social Pension Office,NULL,NULL,NCR-FO-PSD-COMBS,13,NULL,NULL,NULL,NULL,0,2
756,NCR-FO-DRMD,FO Disaster Response Management Division,NULL,NULL,NCR-FO-OARDO,13,NULL,NULL,NULL,NULL,0,2
757,NCR-FO-DRMD-DRIMS,FO Regional Response & Information Management Section,NULL,NULL,NCR-FO-DRMD,13,NULL,NULL,NULL,NULL,0,2
758,NCR-FO-DRMD-DRRMS,FO Disaster Response Rehabilitation Managment Section,NULL,NULL,NCR-FO-DRMD,13,NULL,NULL,NULL,NULL,0,2
759,NCR-FO-DRMD-RROS,FO Regiona Resource Operation Section,NULL,NULL,NCR-FO-DRMD,13,NULL,NULL,NULL,NULL,0,2
760,NCR-FO-FMD,FO Financial Management Division,NULL,NULL,NCR-FO-OARDA,13,NULL,NULL,NULL,NULL,0,2
761,NCR-FO-FMD-AS,FO Accounting Section,NULL,NULL,NCR-FO-FMD,13,NULL,NULL,NULL,NULL,0,2
762,NCR-FO-FMD-BS,FO Budget Section,NULL,NULL,NCR-FO-FMD,13,NULL,NULL,NULL,NULL,0,2
763,NCR-FO-FMD-CS,FO Cash Section,NULL,NULL,NCR-FO-FMD,13,NULL,NULL,NULL,NULL,0,2
764,NCR-FO-HRMDD,FO Human Resource Management and Development Division,NULL,NULL,NCR-FO-OARDA,13,NULL,NULL,NULL,NULL,0,2
765,NCR-FO-HRMDD-HRPPMS,FO Human Resource Planning and Performance Management Section,NULL,NULL,NCR-FO-HRMDD,13,NULL,NULL,NULL,NULL,0,2
766,NCR-FO-HRMDD-HRWS,FO Human Resource Welfare Section,NULL,NULL,NCR-FO-HRMDD,13,NULL,NULL,NULL,NULL,0,2
767,NCR-FO-HRMDD-LDS,FO Learning and Development Section,NULL,NULL,NCR-FO-HRMDD,13,NULL,NULL,NULL,NULL,0,2
768,NCR-FO-HRMDD-PAS,FO Personal Administration Section,NULL,NULL,NCR-FO-HRMDD,13,NULL,NULL,NULL,NULL,0,2
769,NCR-FO-IAU,FO Internal Audit Unit,NULL,NULL,NCR-FO-ORD,13,NULL,NULL,NULL,NULL,0,2
770,NCR-FO-KC,FO Kalhi-CIDSS PMO,NULL,NULL,NCR-FO-PROSD,13,NULL,NULL,NULL,NULL,0,2
771,NCR-FO-LU,FO Legal Unit,NULL,NULL,NCR-FO-ORD,13,NULL,NULL,NULL,NULL,0,2
772,NCR-FO-OARDA,FO Office of Assistant Regional Director for Administration,NULL,NULL,NCR-FO-ORD,13,NULL,NULL,NULL,NULL,0,2
773,NCR-FO-OARDO,FO Office of Assistant Regional Director for Operation,NULL,NULL,NCR-FO-ORD,13,NULL,NULL,NULL,NULL,0,2
774,NCR-FO-ORD,FO Office of the Regional Director,NULL,NULL,NULL,13,NULL,NULL,NULL,NULL,0,2
775,NCR-FO-ORD-STU,FO Social Technology Unit,NULL,NULL,III-FO-ORD,13,NULL,NULL,NULL,NULL,0,2
776,NCR-FO-PPD,FO Policy and Plans Division,NULL,NULL,NCR-FO-ORD,13,NULL,NULL,NULL,NULL,0,2
777,NCR-FO-PPD-ICT,FO Information & Planning Communication Technology Section,NULL,NULL,NCR-FO-ORD,13,NULL,NULL,NULL,NULL,0,2
778,NCR-FO-PPD-NHTS,FO National Household Targetting Section,NULL,NULL,NCR-FO-ORD,13,NULL,NULL,NULL,NULL,0,2
779,NCR-FO-PPD-PDPS,FO Policy Development and Planning Section,NULL,NULL,III-FO-PPD,13,NULL,NULL,NULL,NULL,0,2
780,NCR-FO-PPD-SS,FO Standard Section,NULL,NULL,NCR-FO-ORD,13,NULL,NULL,NULL,NULL,0,2
781,NCR-FO-PPD-UCT,FO Unconditional Cash Transfer,NULL,NULL,III-FO-PPD,13,NULL,NULL,NULL,NULL,0,2
782,NCR-FO-PROMSD,FO Promotive Service Division,NULL,NULL,NCR-FO-OARDO,13,NULL,NULL,NULL,NULL,0,2
783,NCR-FO-PROMSD-EPAHP,FO Enhance Partnership Against Hunger and Poverty,NULL,NULL,III-FO-PROMSD,13,NULL,NULL,NULL,NULL,0,2
784,NCR-FO-PROMSD-SLP,FO Sustainable Livelihood Program PMO,NULL,NULL,NCR-FO-PROSD,13,NULL,NULL,NULL,NULL,0,2
785,NCR-FO-PSD,FO Protective Service Division,NULL,NULL,NCR-FO-OARDO,13,NULL,NULL,NULL,NULL,0,2
786,NCR-FO-PSD-CBS,FO Capacity Building Section,NULL,NULL,NCR-FO-PSD,13,NULL,NULL,NULL,NULL,0,2
787,NCR-FO-PSD-CBSS,FO Center Based Services Section,NULL,NULL,NCR-FO-PSD,13,NULL,NULL,NULL,NULL,0,2
788,NCR-FO-PSD-CIS,FO Crisis Intervention Section,NULL,NULL,NCR-FO-PSD,13,NULL,NULL,NULL,NULL,0,2
789,NCR-FO-PSD-COMBS,FO Community Based Services Section,NULL,NULL,NCR-FO-PSD,13,NULL,NULL,NULL,NULL,0,2
790,NCR-FO-SMU,FO Social Marketing Unit,NULL,NULL,NCR-FO-ORD,13,NULL,NULL,NULL,NULL,0,2
791,NHTO,National Household Targeting Office,DIR. JUSTIN CAESAR ANTHONY D. BATOCABE,NULL,OASOSEC,CO,16,9/12/2014 17:27,68,NULL,0,2
792,NHTO-ITD,National Household Targeting Office-Information  Technology Division,OIC DC. JOHN PATRICK S. LA-ANAN,NULL,NHTO,CO,68,5/6/2019 7:43,68,NULL,0,3
793,NHTO-OPSD,National Household Targeting Office-Operations Division,OIC DC. ALJO R. QUINTANS,NULL,NHTO,CO,68,5/6/2019 7:44,68,NULL,0,3
794,NRLMB,National Resource and Logistics Management Bureau,DIR. EMMANUEL P. PRIVADO,NULL,OASDRM,CO,68,5/6/2019 7:55,68,NULL,0,2
795,NRLMB-AD,National Resource and Logistics Management Bureau-Administrative Division,OIC DC.SOFIA D. MENDIOLA,NULL,NRLMB,CO,68,5/6/2019 7:54,68,NULL,0,3
796,NRLMB-LMD,National Resource and Logistics Management Bureau-Logistics Management Division,OIC DC. RONALD J. REONAL,NULL,NRLMB,CO,68,5/6/2019 7:56,68,NULL,0,3
797,NRLMB-RMB,National Resource and Logistics Management Bureau-Resource Management Division,OIC DC. EUNICE A. ANGCAO,NULL,NRLMB,CO,68,5/6/2019 7:57,68,NULL,0,3
798,O,O,GERMAINE TRITTLE P. LEONIN,NULL,PMS,CO,68,5/6/2019 14:51,14,2/22/2022 10:48,0,3
799,OAS-A,Office of the Assistant Secretary for Administration,ASEC. RODOLFO M. SANTOS,NULL,OUS GASS,CO,68,5/6/2019 8:00,102,2/24/2022 14:59,0,1
800,OAS-DRM,Office of the Assistant Secretary for Disaster Response Management,ASEC. RODOLFO M. ENCABO,NULL,OUSDRM,CO,68,2/13/2020 10:34,102,2/24/2022 14:59,0,1
801,OAS-LA,Office of the Assistant Secretary for Luzon Affairs,ASEC. JOSE ANTONIO R. HERNANDEZ,NULL,OUS SC,CO,68,5/6/2019 8:32,102,2/24/2022 15:00,0,1
802,OAS-MA,Office of the Assistant Secretary for Mindanao Affairs ,NULL,NULL,NULL,CO,14,2/7/2022 14:21,102,2/24/2022 8:14,0,1
803,OAS-OSEC,Office of the Assistant Secretary for OSEC Concerns,ASEC. JOSE ANTONIO R. HERNANDEZ,NULL,OUSSWD,CO,68,3/4/2019 10:16,102,2/24/2022 15:00,0,1
804,OAS-PP,Office of the Assistant Secretary for Policy and Plans,ASEC. JOSELINE P. NIWANE,NULL,OUSPP,CO,68,5/6/2019 8:54,102,2/24/2022 15:00,0,1
805,OAS-SCB,Office of the Assistant Secretary for Standards and Capacity Building,ASEC. NOEL M. MACALALAD,NULL,OUSSCB,CO,68,5/6/2019 9:31,102,2/24/2022 15:01,0,1
806,OAS-SPP,Office of the Assistant Secretary for Specialized Programs,ASEC. RHEA B. PEÑAFLOR,NULL,OUSOPERATIONS,CO,68,5/6/2019 9:17,102,2/24/2022 15:01,0,1
807,OAS-SS,Office of the Assistant Secretary for Support Services,OIC MARIA CASSANDRA M. URBIZTONDO,NULL,OUSGASS,CO,68,5/6/2019 9:46,102,2/24/2022 15:01,0,1
808,OAS-STP,Office of the Assistant Secretary for Statutory Programs,ASEC. GLENDA D. RELOVA,NULL,OUSOPERATIONS,CO,68,5/6/2019 9:38,102,2/24/2022 15:01,0,1
809,OAS-VA,Office of the Assistant Secretary for Visayas Affairs,MARIJOY D. SEGUI,NULL,OUSSC,CO,68,5/6/2019 9:59,102,2/24/2022 15:02,0,1
810,OO,OO,NULL,NULL,NULL,CO,13,2/2/2022 11:24,3,7/29/2022 16:24,1,1
811,OOO,Office of the Undersecretary for Special Concerns1,USEC. CAMILO G. GUDMALIN,NULL,OSEC,CO,68,5/6/2019 14:06,3,7/29/2022 16:25,1,1
812,OSEC,Office of the Secretary,SEC. ROLANDO JOSELITO D. BAUTISTA,NULL,OSEC,CO,16,9/12/2014 17:31,68,NULL,0,1
813,OSM,Office for Strategy Management ,NULL,NULL,NULL,CO,13,2/2/2022 14:46,14,2/22/2022 9:17,0,3
814,OUS-DRM,Office of the Undersecretary for Disaster Response Management,USEC. FELICISIMO C. BUDIONGAN,NULL,OSEC,CO,68,5/6/2019 13:45,102,2/24/2022 15:02,0,1
815,OUS-GASS,Office of the Undersecretary for General Administration and Support Services,USEC. JOSE ERNESTO B. GAVIOLA,NULL,OSEC,CO,68,5/6/2019 13:53,102,2/24/2022 15:02,0,1
816,OUS-ISP,Office of the Undersecretary for Inclusive and Sustainable Peace,USEC. RENE GLEN O. PAJE,NULL,OSEC,CO,68,3/26/2019 11:04,102,2/24/2022 15:02,0,1
817,OUS-LLA,Office of the Undersecretary for Legislative and Liaison Affairs,NULL,NULL,NULL,CO,4,2/7/2022 9:03,4,2/7/2022 9:09,0,1
818,OUS-O,Office of the Undersecretary for Operations,USEC. AIMEE T. NERI,NULL,OSEC,CO,68,5/6/2019 10:29,102,2/24/2022 15:02,0,1
819,OUS-PP,Office of the Undersecretary for Policy and Plans,USEC. LUZVIMINDA C. ILAGAN,NULL,OSEC,CO,68,5/6/2019 13:59,102,2/24/2022 15:03,0,1
820,OUS-SC,Office of the Undersecretary for Special Concerns,NULL,NULL,NULL,CO,13,2/2/2022 12:31,102,3/2/2022 8:50,0,1
821,OUS-SCB,Office of the Undersecretary for Standards and Capacity Building,USEC. FLORITA R. VILLAR,NULL,OSEC,CO,68,5/6/2019 14:20,102,2/24/2022 15:03,0,1
822,OUS-SP,Office of the Undersecretary for Special Projects,USEC. MARK ALLAN JAY G. YAMBAO,NULL,OSEC,CO,68,5/6/2019 14:15,102,2/24/2022 15:03,0,1
823,OUS-SWD,Office of the Undersecretary for Social Welfare and Development,USEC. DANILO G. PAMONAG,NULL,OSEC,CO,68,4/2/2019 16:26,102,2/24/2022 15:04,0,1
824,PDPB,Policy Development and Planning Bureau,DIR. RHODORA GARCES ALDAY,NULL,OUSPP,CO,16,9/12/2014 17:29,68,NULL,0,2
825,PDPB-GRD,Policy Development and Planning Bureau-Governance and Roadmap Division,OIC DC. LOIDA M. VILLANUEVA,NULL,PDPB,CO,68,5/6/2019 14:31,68,NULL,0,3
826,PDPB-PEAD,Policy Development and Planning Bureau-Policy and External Affairs Division,OIC DC. CATHERINE GRACE M. LAGUNDAY,NULL,PDPB,CO,68,5/6/2019 14:33,68,NULL,0,3
827,PDPB-PMD,Policy Development and Planning Bureau-Planning and Monitoring Division,OIC DC. MARIVIC U. VERGARA,NULL,PDPB,CO,68,5/6/2019 14:32,68,NULL,0,3
828,PDPB-RED,Policy Development and Planning Bureau-Research and Evaluation Division,CYNTHIA B. LAGASCA,NULL,PDPB,CO,68,5/6/2019 14:34,68,NULL,0,3
829,PMB,Program Management Bureau,DIR. WILMA D. NAVIAMOS,NULL,OASSTPRO,CO,68,2/8/2019 11:34,68,NULL,0,2
830,PMB-AF,Program Management Bureau-Administrative and Finance Unit,DIR. WILMA D. NAVIAMOS,NULL,OUS OPERATIONS,CO,68,5/8/2019 15:13,68,NULL,0,3
831,PMB-ARRD,Program Management Bureau-Adoption Resource and Referral Division,OIC DC. IRISH M. OPEÑA,NULL,PMB,CO,68,5/6/2019 15:04,68,NULL,0,3
832,PMB-CDD,Program Management Bureau-Center Development Division,ROSALIE D. DAGULO,NULL,PMB,CO,68,5/6/2019 15:05,68,NULL,0,3
833,PMB-CID,Program Management Bureau-Crisis Intervention Division,OIC DC. IRENE R. MALONG,NULL,PMB,CO,68,5/6/2019 15:06,278,2/2/2022 11:16,0,3
834,PMB-ME,Program Management Bureau-Monitoring and Evaluation Unit,DIR. WILMA D. NAVIAMOS,NULL,PMB,CO,68,5/8/2019 15:40,68,NULL,0,3
835,PMB-NID,Program Management Bureau-National Inspectorate Division,OIC DC. JOANNA L. HIZON,NULL,PMB,CO,68,5/6/2019 15:06,68,NULL,0,3
836,PMB-SPD,Program Management Bureau-Sectoral Programs Division,OIC DC. MIRAMEL G. LAXA,NULL,PMB,CO,68,5/6/2019 15:07,68,NULL,0,3
837,RGMO,Resource Generation and Management Office,NULL,NULL,OASPP,CO,68,5/6/2019 15:09,68,NULL,0,2
838,RMO,Risk Management Office,NULL,NULL,NULL,CO,3,11/12/2021 13:55,14,2/14/2022 9:48,0,2
839,SB,Standards Bureau,OIC-DIR. CYNTHIA V. ILANO,NULL,OASSCB,CO,16,9/12/2014 16:59,68,NULL,0,2
840,SB-SCMD,Standards Bureau-Standards Compliance Monitoring Division,PRISCILA Y. NITAFAN,NULL,SB,CO,68,5/8/2019 16:05,68,NULL,0,3
841,SB-SDD,Standards Bureau-Standards Development Division,OIC DC. ANNA MARIA ALEXA G. LEDESMA,NULL,SB,CO,68,5/6/2019 15:39,68,NULL,0,3
842,SB-SEAD,Standards Bureau-Standards Enforcement and Advocacy Division,OIC DC. CHARITO P. ESTEBAN,NULL,SB,CO,68,5/6/2019 15:40,68,NULL,0,3
843,SLP,Sustainable Livelihood Program,DIR. RESTITUTO B. MACUTO,NULL,OASSPECPRO,CO,16,9/12/2014 17:21,68,NULL,0,2
844,SMS,Social Marketing Service,DIR. IRENE B. DUMLAO,NULL,OASOSEC,CO,16,9/12/2014 16:45,68,NULL,0,2
845,SMS-CAD,Social Marketing Service-Complaints and Assistance Division,NULL,NULL,SMS,CO,68,5/6/2019 15:19,68,NULL,0,3
846,SMS-CDRD,Social Marketing Service-Communication Development and Research Division,ANA MARIE P. DAEP,NULL,SMS,CO,68,5/6/2019 15:19,68,NULL,0,3
847,SMS-MPD,Social Marketing Service-Media Production Division,GENALOR D. FISCHER,NULL,SMS,CO,68,5/6/2019 15:20,68,NULL,0,3
848,SMS-PAAD,Social Marketing Service-Public Affairs and Advocacy Division,MATILDE MYLA B. MONSOD,NULL,SMS,CO,68,5/6/2019 15:21,68,NULL,0,3
849,STB,Social Technology Bureau,OIC DIR. HELEN Y. SUZARA,NULL,OASSCB,CO,16,9/12/2014 17:06,68,NULL,0,2
850,STB-PID,Social Technology Bureau-Pilot Implementation Division,MELVIN C. DAYRIT,NULL,STB,CO,68,5/6/2019 15:28,14,2/24/2022 7:59,0,3
851,STB-PRID,Social Technology Bureau-Promotion And Institutionalization Division,MARILYN B. MORAL,NULL,STB,CO,68,5/6/2019 15:30,14,2/24/2022 8:00,0,3
852,STB-RDD,Social Technology Bureau-Research And Design Division,OIC DC. CAMILLE ANNE F. TAGUBA,NULL,STB,CO,68,5/6/2019 15:31,68,NULL,0,3
853,SWEAP,Social Welfare Employee Association of the Philippines,DIR. LEONARDO C. REYNOSO,NULL,HRMDS,CO,16,5/11/2017 7:45,68,NULL,0,3
854,SWIDB,Social Welfare Institutional Development Bureau,ASEC. NOEL M. MACALALAD,NULL,OASSCB,CO,68,7/31/2018 17:15,68,NULL,0,2
855,SWIDB-CBD,Social Welfare Institutional Development Bureau-Capability Building Division,OIC DC. LEELIN G. DINO,NULL,SWIDB,CO,68,5/6/2019 15:34,68,NULL,0,3
856,SWIDB-KMD,Social Welfare Institutional Development Bureau-Knowledge Management Division,OIC DC. PRECILIA A. DOCUYANAN,NULL,SWIDB,CO,68,5/6/2019 15:35,326,2/2/2022 13:17,0,3
857,SWIDB-LNDD,Social Welfare Institutional Development Bureau-Learning Network Development Division,OIC DC. EFLEDA JOYCE S. CONSULTA,NULL,SWIDB,CO,68,5/6/2019 15:35,68,NULL,0,3
858,UCT,Unconditional Cash Transfer-National Project Management Office,ASEC. NOEL M. MACALALAD,NULL,OASSTPRO,CO,68,4/2/2018 13:35,68,NULL,0,NULL
859,V-FO-4PS-AS,FO Pantawid - Administrative Section,NULL,NULL,V-FO-4PS,5,NULL,NULL,NULL,NULL,0,2
860,V-FO-4PS-BDM,FO Pantawid - Beneficiary Data Management Section,NULL,NULL,V-FO-4PS,5,NULL,NULL,NULL,NULL,0,2
861,V-FO-4PS-CBS,FO Pantawid - Capability Building Division,NULL,NULL,V-FO-4PS,5,NULL,NULL,NULL,NULL,0,2
862,V-FO-4PS-CVS,FO Pantawid - Compliance Verification Section,NULL,NULL,V-FO-4PS,5,NULL,NULL,NULL,NULL,0,2
863,V-FO-4PS-FDS,FO Pantawid - Family Development Section,NULL,NULL,V-FO-4PS,5,NULL,NULL,NULL,NULL,0,2
864,V-FO-4PS-GRS,FO Pantawid - Grievance Redress Section,NULL,NULL,V-FO-4PS,5,NULL,NULL,NULL,NULL,0,2
865,V-FO-4PS-IPD,FO Pantawid - Institutional Partnership Section,NULL,NULL,V-FO-4PS,5,NULL,NULL,NULL,NULL,0,2
866,V-FO-4PS-MCCT,FO Pantawid - Modified Conditional Cash Transfer Section,NULL,NULL,V-FO-4PS,5,NULL,NULL,NULL,NULL,0,2
867,V-FO-4PS-OPS,FO Pantawid - Operation,NULL,NULL,V-FO-4PS,5,NULL,NULL,NULL,NULL,0,2
868,V-FO-4PS-PMES,FO Pantawid - Planning and Monitoring and Evaluation Section,NULL,NULL,V-FO-4PS,5,NULL,NULL,NULL,NULL,0,2
869,V-FO-4PS-RPMO,FO Pantawid Regional Program Management Office,NULL,NULL,V-FO-PROSD,5,NULL,NULL,NULL,NULL,0,2
870,V-FO-4PS-SMU,FO Pantawid - Social Marketing Unit,NULL,NULL,V-FO-4PS,5,NULL,NULL,NULL,NULL,0,2
871,V-FO-4PS-SSDMS,FO Pantawid - Social Services Delivery and Management Section,NULL,NULL,V-FO-4PS,5,NULL,NULL,NULL,NULL,0,2
872,V-FO-AD,FO Administrative Division,NULL,NULL,V-FO-OARDA,5,NULL,NULL,NULL,NULL,0,2
873,V-FO-AD-GSS,FO General Service Section,NULL,NULL,V-FO-AD,5,NULL,NULL,NULL,NULL,0,2
874,V-FO-AD-PS,FO Procurement Section,NULL,NULL,V-FO-AD,5,NULL,NULL,NULL,NULL,0,2
875,V-FO-AD-PSS,FO Property and Supply Section,NULL,NULL,V-FO-AD,5,NULL,NULL,NULL,NULL,0,2
876,V-FO-AD-RAMS,FO Records Management Section,NULL,NULL,V-FO-AD,5,NULL,NULL,NULL,NULL,0,2
877,V-FO-ALL,All DSWD Field Office V,NULL,NULL,NULL,5,NULL,NULL,NULL,NULL,0,2
878,V-FO-BAC,FO Bids and Awards Committee,NULL,NULL,NULL,5,NULL,NULL,NULL,NULL,0,2
879,V-FO-CBS-MTA,FO Minors Travelling Abroad Office,NULL,NULL,V-FO-PSD-COMBS,5,NULL,NULL,NULL,NULL,0,2
880,V-FO-CBSS-ANVRC,FO A/NVRC Island Cluster,NULL,NULL,V-FO-PSD-CBSS,5,NULL,NULL,NULL,NULL,0,2
881,V-FO-CBSS-RHGW,FO Regional Home for Girls and Women,NULL,NULL,V-FO-PSD-CBSS,5,NULL,NULL,NULL,NULL,0,2
882,V-FO-CBSS-RSCC,FO Reception and Study Center for Children,NULL,NULL,V-FO-PSD-CBSS,5,NULL,NULL,NULL,NULL,0,2
883,V-FO-CBSS-RSCY,FO Regional Rehabilitation Center for Youth,NULL,NULL,V-FO-PSD-CBSS,5,NULL,NULL,NULL,NULL,0,2
884,V-FO-COA,FO Commision on Audit,NULL,NULL,NULL,5,NULL,NULL,NULL,NULL,0,2
885,V-FO-COMBS-ARRS,FO Adoption Resource and Referral Section,NULL,NULL,V-FO-PSD-COMBS,5,NULL,NULL,NULL,NULL,0,2
886,V-FO-COMBS-SFP,FO Supplementary Feeding Program,NULL,NULL,V-FO-PSD-COMBS,5,NULL,NULL,NULL,NULL,0,2
887,V-FO-COMBS-SPO,FO Social Pension Office,NULL,NULL,V-FO-PSD-COMBS,5,NULL,NULL,NULL,NULL,0,2
888,V-FO-DRMD,FO Disaster Response Management Division,NULL,NULL,V-FO-OARDO,5,NULL,NULL,NULL,NULL,0,2
889,V-FO-DRMD-DRIMS,FO Regional Response & Information Management Section,NULL,NULL,V-FO-DRMD,5,NULL,NULL,NULL,NULL,0,2
890,V-FO-DRMD-DRRMS,FO Disaster Response Rehabilitation Managment Section,NULL,NULL,V-FO-DRMD,5,NULL,NULL,NULL,NULL,0,2
891,V-FO-DRMD-RROS,FO Regiona Resource Operation Section,NULL,NULL,V-FO-DRMD,5,NULL,NULL,NULL,NULL,0,2
892,V-FO-FMD,FO Financial Management Division,NULL,NULL,V-FO-OARDA,5,NULL,NULL,NULL,NULL,0,2
893,V-FO-FMD-AS,FO Accounting Section,NULL,NULL,V-FO-FMD,5,NULL,NULL,NULL,NULL,0,2
894,V-FO-FMD-BS,FO Budget Section,NULL,NULL,V-FO-FMD,5,NULL,NULL,NULL,NULL,0,2
895,V-FO-FMD-CS,FO Cash Section,NULL,NULL,V-FO-FMD,5,NULL,NULL,NULL,NULL,0,2
896,V-FO-HRMDD,FO Human Resource Management and Development Division,NULL,NULL,V-FO-OARDA,5,NULL,NULL,NULL,NULL,0,2
897,V-FO-HRMDD-HRPPMS,FO Human Resource Planning and Performance Management Section,NULL,NULL,V-FO-HRMDD,5,NULL,NULL,NULL,NULL,0,2
898,V-FO-HRMDD-HRWS,FO Human Resource Welfare Section,NULL,NULL,V-FO-HRMDD,5,NULL,NULL,NULL,NULL,0,2
899,V-FO-HRMDD-LDS,FO Learning and Development Section,NULL,NULL,V-FO-HRMDD,5,NULL,NULL,NULL,NULL,0,2
900,V-FO-HRMDD-PAS,FO Personal Administration Section,NULL,NULL,V-FO-HRMDD,5,NULL,NULL,NULL,NULL,0,2
901,V-FO-IAU,FO Internal Audit Unit,NULL,NULL,V-FO-ORD,5,NULL,NULL,NULL,NULL,0,2
902,V-FO-KC,FO Kalhi-CIDSS PMO,NULL,NULL,V-FO-PROSD,5,NULL,NULL,NULL,NULL,0,2
903,V-FO-LU,FO Legal Unit,NULL,NULL,V-FO-ORD,5,NULL,NULL,NULL,NULL,0,2
904,V-FO-OARDA,FO Office of Assistant Regional Director for Administration,NULL,NULL,V-FO-ORD,5,NULL,NULL,NULL,NULL,0,2
905,V-FO-OARDO,FO Office of Assistant Regional Director for Operation,NULL,NULL,V-FO-ORD,5,NULL,NULL,NULL,NULL,0,2
906,V-FO-ORD,FO Office of the Regional Director,NULL,NULL,NULL,5,NULL,NULL,NULL,NULL,0,2
907,V-FO-ORD-STU,FO Social Technology Unit,NULL,NULL,V-FO-ORD,5,NULL,NULL,NULL,NULL,0,2
908,V-FO-PPD,FO Policy and Plans Division,NULL,NULL,V-FO-ORD,5,NULL,NULL,NULL,NULL,0,2
909,V-FO-PPD-ICT,FO Information & Planning Communication Technology Section,NULL,NULL,V-FO-ORD,5,NULL,NULL,NULL,NULL,0,2
910,V-FO-PPD-NHTS,FO National Household Targetting Section,NULL,NULL,V-FO-ORD,5,NULL,NULL,NULL,NULL,0,2
911,V-FO-PPD-PDPS,FO Policy Development and Planning Section,NULL,NULL,V-FO-PPD,5,NULL,NULL,NULL,NULL,0,2
912,V-FO-PPD-SS,FO Standard Section,NULL,NULL,V-FO-ORD,5,NULL,NULL,NULL,NULL,0,2
913,V-FO-PPD-UCT,FO Unconditional Cash Transfer,NULL,NULL,V-FO-PPD,5,NULL,NULL,NULL,NULL,0,2
914,V-FO-PROMSD,FO Promotive Service Division,NULL,NULL,V-FO-OARDO,5,NULL,NULL,NULL,NULL,0,2
915,V-FO-PROMSD-EPAHP,FO Enhance Partnership Against Hunger and Poverty,NULL,NULL,V-FO-PROMSD,5,NULL,NULL,NULL,NULL,0,2
916,V-FO-PROMSD-SLP,FO Sustainable Livelihood Program PMO,NULL,NULL,V-FO-PROSD,5,NULL,NULL,NULL,NULL,0,2
917,V-FO-PSD,FO Protective Service Division,NULL,NULL,V-FO-OARDO,5,NULL,NULL,NULL,NULL,0,2
918,V-FO-PSD-CBS,FO Capacity Building Section,NULL,NULL,V-FO-PSD,5,NULL,NULL,NULL,NULL,0,2
919,V-FO-PSD-CBSS,FO Center Based Services Section,NULL,NULL,V-FO-PSD,5,NULL,NULL,NULL,NULL,0,2
920,V-FO-PSD-CIS,FO Crisis Intervention Section,NULL,NULL,V-FO-PSD,5,NULL,NULL,NULL,NULL,0,2
921,V-FO-PSD-COMBS,FO Community Based Services Section,NULL,NULL,V-FO-PSD,5,NULL,NULL,NULL,NULL,0,2
922,V-FO-SMU,FO Social Marketing Unit,NULL,NULL,V-FO-ORD,5,NULL,NULL,NULL,NULL,0,2
923,VI-FO-4PS-AS,FO Pantawid - Administrative Section,NULL,NULL,VI-FO-4PS,6,NULL,NULL,NULL,NULL,0,2
924,VI-FO-4PS-BDM,FO Pantawid - Beneficiary Data Management Section,NULL,NULL,VI-FO-4PS,6,NULL,NULL,NULL,NULL,0,2
925,VI-FO-4PS-CBS,FO Pantawid - Capability Building Division,NULL,NULL,VI-FO-4PS,6,NULL,NULL,NULL,NULL,0,2
926,VI-FO-4PS-CVS,FO Pantawid - Compliance Verification Section,NULL,NULL,VI-FO-4PS,6,NULL,NULL,NULL,NULL,0,2
927,VI-FO-4PS-FDS,FO Pantawid - Family Development Section,NULL,NULL,VI-FO-4PS,6,NULL,NULL,NULL,NULL,0,2
928,VI-FO-4PS-GRS,FO Pantawid - Grievance Redress Section,NULL,NULL,VI-FO-4PS,6,NULL,NULL,NULL,NULL,0,2
929,VI-FO-4PS-IPD,FO Pantawid - Institutional Partnership Section,NULL,NULL,VI-FO-4PS,6,NULL,NULL,NULL,NULL,0,2
930,VI-FO-4PS-MCCT,FO Pantawid - Modified Conditional Cash Transfer Section,NULL,NULL,VI-FO-4PS,6,NULL,NULL,NULL,NULL,0,2
931,VI-FO-4PS-OPS,FO Pantawid - Operation,NULL,NULL,VI-FO-4PS,6,NULL,NULL,NULL,NULL,0,2
932,VI-FO-4PS-PMES,FO Pantawid - Planning and Monitoring and Evaluation Section,NULL,NULL,VI-FO-4PS,6,NULL,NULL,NULL,NULL,0,2
933,VI-FO-4PS-RPMO,FO Pantawid Regional Program Management Office,NULL,NULL,VI-FO-PROSD,6,NULL,NULL,NULL,NULL,0,2
934,VI-FO-4PS-SMU,FO Pantawid - Social Marketing Unit,NULL,NULL,VI-FO-4PS,6,NULL,NULL,NULL,NULL,0,2
935,VI-FO-4PS-SSDMS,FO Pantawid - Social Services Delivery and Management Section,NULL,NULL,VI-FO-4PS,6,NULL,NULL,NULL,NULL,0,2
936,VI-FO-AD,FO Administrative Division,NULL,NULL,VI-FO-OARDA,6,NULL,NULL,NULL,NULL,0,2
937,VI-FO-AD-GSS,FO General Service Section,NULL,NULL,VI-FO-AD,6,NULL,NULL,NULL,NULL,0,2
938,VI-FO-AD-PS,FO Procurement Section,NULL,NULL,VI-FO-AD,6,NULL,NULL,NULL,NULL,0,2
939,VI-FO-AD-PSS,FO Property and Supply Section,NULL,NULL,VI-FO-AD,6,NULL,NULL,NULL,NULL,0,2
940,VI-FO-AD-RAMS,FO Records Management Section,NULL,NULL,VI-FO-AD,6,NULL,NULL,NULL,NULL,0,2
941,VI-FO-ALL,All DSWD Field Office VI,NULL,NULL,NULL,6,NULL,NULL,NULL,NULL,0,2
942,VI-FO-BAC,FO Bids and Awards Committee,NULL,NULL,NULL,6,NULL,NULL,NULL,NULL,0,2
943,VI-FO-CBS-MTA,FO Minors Travelling Abroad Office,NULL,NULL,VI-FO-PSD-COMBS,6,NULL,NULL,NULL,NULL,0,2
944,VI-FO-CBSS-ANVRC,FO A/NVRC Island Cluster,NULL,NULL,VI-FO-PSD-CBSS,6,NULL,NULL,NULL,NULL,0,2
945,VI-FO-CBSS-RHGW,FO Regional Home for Girls and Women,NULL,NULL,VI-FO-PSD-CBSS,6,NULL,NULL,NULL,NULL,0,2
946,VI-FO-CBSS-RSCC,FO Reception and Study Center for Children,NULL,NULL,VI-FO-PSD-CBSS,6,NULL,NULL,NULL,NULL,0,2
947,VI-FO-CBSS-RSCY,FO Regional Rehabilitation Center for Youth,NULL,NULL,VI-FO-PSD-CBSS,6,NULL,NULL,NULL,NULL,0,2
948,VI-FO-COA,FO Commision on Audit,NULL,NULL,NULL,6,NULL,NULL,NULL,NULL,0,2
949,VI-FO-COMBS-ARRS,FO Adoption Resource and Referral Section,NULL,NULL,VI-FO-PSD-COMBS,6,NULL,NULL,NULL,NULL,0,2
950,VI-FO-COMBS-SFP,FO Supplementary Feeding Program,NULL,NULL,VI-FO-PSD-COMBS,6,NULL,NULL,NULL,NULL,0,2
951,VI-FO-COMBS-SPO,FO Social Pension Office,NULL,NULL,VI-FO-PSD-COMBS,6,NULL,NULL,NULL,NULL,0,2
952,VI-FO-DRMD,FO Disaster Response Management Division,NULL,NULL,VI-FO-OARDO,6,NULL,NULL,NULL,NULL,0,2
953,VI-FO-DRMD-DRIMS,FO Regional Response & Information Management Section,NULL,NULL,VI-FO-DRMD,6,NULL,NULL,NULL,NULL,0,2
954,VI-FO-DRMD-DRRMS,FO Disaster Response Rehabilitation Managment Section,NULL,NULL,VI-FO-DRMD,6,NULL,NULL,NULL,NULL,0,2
955,VI-FO-DRMD-RROS,FO Regiona Resource Operation Section,NULL,NULL,VI-FO-DRMD,6,NULL,NULL,NULL,NULL,0,2
956,VI-FO-FMD,FO Financial Management Division,NULL,NULL,VI-FO-OARDA,6,NULL,NULL,NULL,NULL,0,2
957,VI-FO-FMD-AS,FO Accounting Section,NULL,NULL,VI-FO-FMD,6,NULL,NULL,NULL,NULL,0,2
958,VI-FO-FMD-BS,FO Budget Section,NULL,NULL,VI-FO-FMD,6,NULL,NULL,NULL,NULL,0,2
959,VI-FO-FMD-CS,FO Cash Section,NULL,NULL,VI-FO-FMD,6,NULL,NULL,NULL,NULL,0,2
960,VI-FO-HRMDD,FO Human Resource Management and Development Division,NULL,NULL,VI-FO-OARDA,6,NULL,NULL,NULL,NULL,0,2
961,VI-FO-HRMDD-HRPPMS,FO Human Resource Planning and Performance Management Section,NULL,NULL,VI-FO-HRMDD,6,NULL,NULL,NULL,NULL,0,2
962,VI-FO-HRMDD-HRWS,FO Human Resource Welfare Section,NULL,NULL,VI-FO-HRMDD,6,NULL,NULL,NULL,NULL,0,2
963,VI-FO-HRMDD-LDS,FO Learning and Development Section,NULL,NULL,VI-FO-HRMDD,6,NULL,NULL,NULL,NULL,0,2
964,VI-FO-HRMDD-PAS,FO Personal Administration Section,NULL,NULL,VI-FO-HRMDD,6,NULL,NULL,NULL,NULL,0,2
965,VI-FO-IAU,FO Internal Audit Unit,NULL,NULL,VI-FO-ORD,6,NULL,NULL,NULL,NULL,0,2
966,VI-FO-KC,FO Kalhi-CIDSS PMO,NULL,NULL,VI-FO-PROSD,6,NULL,NULL,NULL,NULL,0,2
967,VI-FO-LU,FO Legal Unit,NULL,NULL,VI-FO-ORD,6,NULL,NULL,NULL,NULL,0,2
968,VI-FO-OARDA,FO Office of Assistant Regional Director for Administration,NULL,NULL,VI-FO-ORD,6,NULL,NULL,NULL,NULL,0,2
969,VI-FO-OARDO,FO Office of Assistant Regional Director for Operation,NULL,NULL,VI-FO-ORD,6,NULL,NULL,NULL,NULL,0,2
970,VI-FO-ORD,FO Office of the Regional Director,NULL,NULL,NULL,6,NULL,NULL,NULL,NULL,0,2
971,VI-FO-ORD-STU,FO Social Technology Unit,NULL,NULL,VI-FO-ORD,6,NULL,NULL,NULL,NULL,0,2
972,VI-FO-PPD,FO Policy and Plans Division,NULL,NULL,VI-FO-ORD,6,NULL,NULL,NULL,NULL,0,2
973,VI-FO-PPD-ICT,FO Information & Planning Communication Technology Section,NULL,NULL,VI-FO-ORD,6,NULL,NULL,NULL,NULL,0,2
974,VI-FO-PPD-NHTS,FO National Household Targetting Section,NULL,NULL,VI-FO-ORD,6,NULL,NULL,NULL,NULL,0,2
975,VI-FO-PPD-PDPS,FO Policy Development and Planning Section,NULL,NULL,VI-FO-PPD,6,NULL,NULL,NULL,NULL,0,2
976,VI-FO-PPD-SS,FO Standard Section,NULL,NULL,VI-FO-ORD,6,NULL,NULL,NULL,NULL,0,2
977,VI-FO-PPD-UCT,FO Unconditional Cash Transfer,NULL,NULL,VI-FO-PPD,6,NULL,NULL,NULL,NULL,0,2
978,VI-FO-PROMSD,FO Promotive Service Division,NULL,NULL,VI-FO-OARDO,6,NULL,NULL,NULL,NULL,0,2
979,VI-FO-PROMSD-EPAHP,FO Enhance Partnership Against Hunger and Poverty,NULL,NULL,VI-FO-PROMSD,6,NULL,NULL,NULL,NULL,0,2
980,VI-FO-PROMSD-SLP,FO Sustainable Livelihood Program PMO,NULL,NULL,VI-FO-PROSD,6,NULL,NULL,NULL,NULL,0,2
981,VI-FO-PSD,FO Protective Service Division,NULL,NULL,VI-FO-OARDO,6,NULL,NULL,NULL,NULL,0,2
982,VI-FO-PSD-CBS,FO Capacity Building Section,NULL,NULL,VI-FO-PSD,6,NULL,NULL,NULL,NULL,0,2
983,VI-FO-PSD-CBSS,FO Center Based Services Section,NULL,NULL,VI-FO-PSD,6,NULL,NULL,NULL,NULL,0,2
984,VI-FO-PSD-CIS,FO Crisis Intervention Section,NULL,NULL,VI-FO-PSD,6,NULL,NULL,NULL,NULL,0,2
985,VI-FO-PSD-COMBS,FO Community Based Services Section,NULL,NULL,VI-FO-PSD,6,NULL,NULL,NULL,NULL,0,2
986,VI-FO-SMU,FO Social Marketing Unit,NULL,NULL,VI-FO-ORD,6,NULL,NULL,NULL,NULL,0,2
987,VII-FO-4PS-AS,FO Pantawid - Administrative Section,NULL,NULL,VII-FO-4PS,7,NULL,NULL,NULL,NULL,0,2
988,VII-FO-4PS-BDM,FO Pantawid - Beneficiary Data Management Section,NULL,NULL,VII-FO-4PS,7,NULL,NULL,NULL,NULL,0,2
989,VII-FO-4PS-CBS,FO Pantawid - Capability Building Division,NULL,NULL,VII-FO-4PS,7,NULL,NULL,NULL,NULL,0,2
990,VII-FO-4PS-CVS,FO Pantawid - Compliance Verification Section,NULL,NULL,VII-FO-4PS,7,NULL,NULL,NULL,NULL,0,2
991,VII-FO-4PS-FDS,FO Pantawid - Family Development Section,NULL,NULL,VII-FO-4PS,7,NULL,NULL,NULL,NULL,0,2
992,VII-FO-4PS-GRS,FO Pantawid - Grievance Redress Section,NULL,NULL,VII-FO-4PS,7,NULL,NULL,NULL,NULL,0,2
993,VII-FO-4PS-IPD,FO Pantawid - Institutional Partnership Section,NULL,NULL,VII-FO-4PS,7,NULL,NULL,NULL,NULL,0,2
994,VII-FO-4PS-MCCT,FO Pantawid - Modified Conditional Cash Transfer Section,NULL,NULL,VII-FO-4PS,7,NULL,NULL,NULL,NULL,0,2
995,VII-FO-4PS-OPS,FO Pantawid - Operation,NULL,NULL,VII-FO-4PS,7,NULL,NULL,NULL,NULL,0,2
996,VII-FO-4PS-PMES,FO Pantawid - Planning and Monitoring and Evaluation Section,NULL,NULL,VII-FO-4PS,7,NULL,NULL,NULL,NULL,0,2
997,VII-FO-4PS-RPMO,FO Pantawid Regional Program Management Office,NULL,NULL,VII-FO-PROSD,7,NULL,NULL,NULL,NULL,0,2
998,VII-FO-4PS-SMU,FO Pantawid - Social Marketing Unit,NULL,NULL,VII-FO-4PS,7,NULL,NULL,NULL,NULL,0,2
999,VII-FO-4PS-SSDMS,FO Pantawid - Social Services Delivery and Management Section,NULL,NULL,VII-FO-4PS,7,NULL,NULL,NULL,NULL,0,2
1000,VII-FO-AD,FO Administrative Division,NULL,NULL,VII-FO-OARDA,7,NULL,NULL,NULL,NULL,0,2
1001,VII-FO-AD-GSS,FO General Service Section,NULL,NULL,VII-FO-AD,7,NULL,NULL,NULL,NULL,0,2
1002,VII-FO-AD-PS,FO Procurement Section,NULL,NULL,VII-FO-AD,7,NULL,NULL,NULL,NULL,0,2
1003,VII-FO-AD-PSS,FO Property and Supply Section,NULL,NULL,VII-FO-AD,7,NULL,NULL,NULL,NULL,0,2
1004,VII-FO-AD-RAMS,FO Records Management Section,NULL,NULL,VII-FO-AD,7,NULL,NULL,NULL,NULL,0,2
1005,VII-FO-ALL,All DSWD Field Office VII,NULL,NULL,NULL,7,NULL,NULL,NULL,NULL,0,2
1006,VII-FO-BAC,FO Bids and Awards Committee,NULL,NULL,NULL,7,NULL,NULL,NULL,NULL,0,2
1007,VII-FO-CBS-MTA,FO Minors Travelling Abroad Office,NULL,NULL,VII-FO-PSD-COMBS,7,NULL,NULL,NULL,NULL,0,2
1008,VII-FO-CBSS-ANVRC,FO A/NVRC Island Cluster,NULL,NULL,VII-FO-PSD-CBSS,7,NULL,NULL,NULL,NULL,0,2
1009,VII-FO-CBSS-RHGW,FO Regional Home for Girls and Women,NULL,NULL,VII-FO-PSD-CBSS,7,NULL,NULL,NULL,NULL,0,2
1010,VII-FO-CBSS-RSCC,FO Reception and Study Center for Children,NULL,NULL,VII-FO-PSD-CBSS,7,NULL,NULL,NULL,NULL,0,2
1011,VII-FO-CBSS-RSCY,FO Regional Rehabilitation Center for Youth,NULL,NULL,VII-FO-PSD-CBSS,7,NULL,NULL,NULL,NULL,0,2
1012,VII-FO-COA,FO Commision on Audit,NULL,NULL,NULL,7,NULL,NULL,NULL,NULL,0,2
1013,VII-FO-COMBS-ARRS,FO Adoption Resource and Referral Section,NULL,NULL,VII-FO-PSD-COMBS,7,NULL,NULL,NULL,NULL,0,2
1014,VII-FO-COMBS-SFP,FO Supplementary Feeding Program,NULL,NULL,VII-FO-PSD-COMBS,7,NULL,NULL,NULL,NULL,0,2
1015,VII-FO-COMBS-SPO,FO Social Pension Office,NULL,NULL,VII-FO-PSD-COMBS,7,NULL,NULL,NULL,NULL,0,2
1016,VII-FO-DRMD,FO Disaster Response Management Division,NULL,NULL,VII-FO-OARDO,7,NULL,NULL,NULL,NULL,0,2
1017,VII-FO-DRMD-DRIMS,FO Regional Response & Information Management Section,NULL,NULL,VII-FO-DRMD,7,NULL,NULL,NULL,NULL,0,2
1018,VII-FO-DRMD-DRRMS,FO Disaster Response Rehabilitation Managment Section,NULL,NULL,VII-FO-DRMD,7,NULL,NULL,NULL,NULL,0,2
1019,VII-FO-DRMD-RROS,FO Regiona Resource Operation Section,NULL,NULL,VII-FO-DRMD,7,NULL,NULL,NULL,NULL,0,2
1020,VII-FO-FMD,FO Financial Management Division,NULL,NULL,VII-FO-OARDA,7,NULL,NULL,NULL,NULL,0,2
1021,VII-FO-FMD-AS,FO Accounting Section,NULL,NULL,VII-FO-FMD,7,NULL,NULL,NULL,NULL,0,2
1022,VII-FO-FMD-BS,FO Budget Section,NULL,NULL,VII-FO-FMD,7,NULL,NULL,NULL,NULL,0,2
1023,VII-FO-FMD-CS,FO Cash Section,NULL,NULL,VII-FO-FMD,7,NULL,NULL,NULL,NULL,0,2
1024,VII-FO-HRMDD,FO Human Resource Management and Development Division,NULL,NULL,VII-FO-OARDA,7,NULL,NULL,NULL,NULL,0,2
1025,VII-FO-HRMDD-HRPPMS,FO Human Resource Planning and Performance Management Section,NULL,NULL,VII-FO-HRMDD,7,NULL,NULL,NULL,NULL,0,2
1026,VII-FO-HRMDD-HRWS,FO Human Resource Welfare Section,NULL,NULL,VII-FO-HRMDD,7,NULL,NULL,NULL,NULL,0,2
1027,VII-FO-HRMDD-LDS,FO Learning and Development Section,NULL,NULL,VII-FO-HRMDD,7,NULL,NULL,NULL,NULL,0,2
1028,VII-FO-HRMDD-PAS,FO Personal Administration Section,NULL,NULL,VII-FO-HRMDD,7,NULL,NULL,NULL,NULL,0,2
1029,VII-FO-IAU,FO Internal Audit Unit,NULL,NULL,VII-FO-ORD,7,NULL,NULL,NULL,NULL,0,2
1030,VII-FO-KC,FO Kalhi-CIDSS PMO,NULL,NULL,VII-FO-PROSD,7,NULL,NULL,NULL,NULL,0,2
1031,VII-FO-LU,FO Legal Unit,NULL,NULL,VII-FO-ORD,7,NULL,NULL,NULL,NULL,0,2
1032,VII-FO-OARDA,FO Office of Assistant Regional Director for Administration,NULL,NULL,VII-FO-ORD,7,NULL,NULL,NULL,NULL,0,2
1033,VII-FO-OARDO,FO Office of Assistant Regional Director for Operation,NULL,NULL,VII-FO-ORD,7,NULL,NULL,NULL,NULL,0,2
1034,VII-FO-ORD,FO Office of the Regional Director,NULL,NULL,NULL,7,NULL,NULL,NULL,NULL,0,2
1035,VII-FO-ORD-STU,FO Social Technology Unit,NULL,NULL,VII-FO-ORD,7,NULL,NULL,NULL,NULL,0,2
1036,VII-FO-PPD,FO Policy and Plans Division,NULL,NULL,VII-FO-ORD,7,NULL,NULL,NULL,NULL,0,2
1037,VII-FO-PPD-ICT,FO Information & Planning Communication Technology Section,NULL,NULL,VII-FO-ORD,7,NULL,NULL,NULL,NULL,0,2
1038,VII-FO-PPD-NHTS,FO National Household Targetting Section,NULL,NULL,VII-FO-ORD,7,NULL,NULL,NULL,NULL,0,2
1039,VII-FO-PPD-PDPS,FO Policy Development and Planning Section,NULL,NULL,VII-FO-PPD,7,NULL,NULL,NULL,NULL,0,2
1040,VII-FO-PPD-SS,FO Standard Section,NULL,NULL,VII-FO-ORD,7,NULL,NULL,NULL,NULL,0,2
1041,VII-FO-PPD-UCT,FO Unconditional Cash Transfer,NULL,NULL,VII-FO-PPD,7,NULL,NULL,NULL,NULL,0,2
1042,VII-FO-PROMSD,FO Promotive Service Division,NULL,NULL,VII-FO-OARDO,7,NULL,NULL,NULL,NULL,0,2
1043,VII-FO-PROMSD-EPAHP,FO Enhance Partnership Against Hunger and Poverty,NULL,NULL,VII-FO-PROMSD,7,NULL,NULL,NULL,NULL,0,2
1044,VII-FO-PROMSD-SLP,FO Sustainable Livelihood Program PMO,NULL,NULL,VII-FO-PROSD,7,NULL,NULL,NULL,NULL,0,2
1045,VII-FO-PSD,FO Protective Service Division,NULL,NULL,VII-FO-OARDO,7,NULL,NULL,NULL,NULL,0,2
1046,VII-FO-PSD-CBS,FO Capacity Building Section,NULL,NULL,VII-FO-PSD,7,NULL,NULL,NULL,NULL,0,2
1047,VII-FO-PSD-CBSS,FO Center Based Services Section,NULL,NULL,VII-FO-PSD,7,NULL,NULL,NULL,NULL,0,2
1048,VII-FO-PSD-CIS,FO Crisis Intervention Section,NULL,NULL,VII-FO-PSD,7,NULL,NULL,NULL,NULL,0,2
1049,VII-FO-PSD-COMBS,FO Community Based Services Section,NULL,NULL,VII-FO-PSD,7,NULL,NULL,NULL,NULL,0,2
1050,VII-FO-SMU,FO Social Marketing Unit,NULL,NULL,VII-FO-ORD,7,NULL,NULL,NULL,NULL,0,2
1051,VIII-FO-4PS-AS,FO Pantawid - Administrative Section,NULL,NULL,VIII-FO-4PS,8,NULL,NULL,NULL,NULL,0,2
1052,VIII-FO-4PS-BDM,FO Pantawid - Beneficiary Data Management Section,NULL,NULL,VIII-FO-4PS,8,NULL,NULL,NULL,NULL,0,2
1053,VIII-FO-4PS-CBS,FO Pantawid - Capability Building Division,NULL,NULL,VIII-FO-4PS,8,NULL,NULL,NULL,NULL,0,2
1054,VIII-FO-4PS-CVS,FO Pantawid - Compliance Verification Section,NULL,NULL,VIII-FO-4PS,8,NULL,NULL,NULL,NULL,0,2
1055,VIII-FO-4PS-FDS,FO Pantawid - Family Development Section,NULL,NULL,VIII-FO-4PS,8,NULL,NULL,NULL,NULL,0,2
1056,VIII-FO-4PS-GRS,FO Pantawid - Grievance Redress Section,NULL,NULL,VIII-FO-4PS,8,NULL,NULL,NULL,NULL,0,2
1057,VIII-FO-4PS-IPD,FO Pantawid - Institutional Partnership Section,NULL,NULL,VIII-FO-4PS,8,NULL,NULL,NULL,NULL,0,2
1058,VIII-FO-4PS-MCCT,FO Pantawid - Modified Conditional Cash Transfer Section,NULL,NULL,VIII-FO-4PS,8,NULL,NULL,NULL,NULL,0,2
1059,VIII-FO-4PS-OPS,FO Pantawid - Operation,NULL,NULL,VIII-FO-4PS,8,NULL,NULL,NULL,NULL,0,2
1060,VIII-FO-4PS-PMES,FO Pantawid - Planning and Monitoring and Evaluation Section,NULL,NULL,VIII-FO-4PS,8,NULL,NULL,NULL,NULL,0,2
1061,VIII-FO-4PS-RPMO,FO Pantawid Regional Program Management Office,NULL,NULL,VIII-FO-PROSD,8,NULL,NULL,NULL,NULL,0,2
1062,VIII-FO-4PS-SMU,FO Pantawid - Social Marketing Unit,NULL,NULL,VIII-FO-4PS,8,NULL,NULL,NULL,NULL,0,2
1063,VIII-FO-4PS-SSDMS,FO Pantawid - Social Services Delivery and Management Section,NULL,NULL,VIII-FO-4PS,8,NULL,NULL,NULL,NULL,0,2
1064,VIII-FO-AD,FO Administrative Division,NULL,NULL,VIII-FO-OARDA,8,NULL,NULL,NULL,NULL,0,2
1065,VIII-FO-AD-GSS,FO General Service Section,NULL,NULL,VIII-FO-AD,8,NULL,NULL,NULL,NULL,0,2
1066,VIII-FO-AD-PS,FO Procurement Section,NULL,NULL,VIII-FO-AD,8,NULL,NULL,NULL,NULL,0,2
1067,VIII-FO-AD-PSS,FO Property and Supply Section,NULL,NULL,VIII-FO-AD,8,NULL,NULL,NULL,NULL,0,2
1068,VIII-FO-AD-RAMS,FO Records Management Section,NULL,NULL,VIII-FO-AD,8,NULL,NULL,NULL,NULL,0,2
1069,VIII-FO-ALL,All DSWD Field Office VIII,NULL,NULL,NULL,8,NULL,NULL,NULL,NULL,0,2
1070,VIII-FO-BAC,FO Bids and Awards Committee,NULL,NULL,NULL,8,NULL,NULL,NULL,NULL,0,2
1071,VIII-FO-CBS-MTA,FO Minors Travelling Abroad Office,NULL,NULL,VIII-FO-PSD-COMBS,8,NULL,NULL,NULL,NULL,0,2
1072,VIII-FO-CBSS-ANVRC,FO A/NVRC Island Cluster,NULL,NULL,VIII-FO-PSD-CBSS,8,NULL,NULL,NULL,NULL,0,2
1073,VIII-FO-CBSS-RHGW,FO Regional Home for Girls and Women,NULL,NULL,VIII-FO-PSD-CBSS,8,NULL,NULL,NULL,NULL,0,2
1074,VIII-FO-CBSS-RSCC,FO Reception and Study Center for Children,NULL,NULL,VIII-FO-PSD-CBSS,8,NULL,NULL,NULL,NULL,0,2
1075,VIII-FO-CBSS-RSCY,FO Regional Rehabilitation Center for Youth,NULL,NULL,VIII-FO-PSD-CBSS,8,NULL,NULL,NULL,NULL,0,2
1076,VIII-FO-COA,FO Commision on Audit,NULL,NULL,NULL,8,NULL,NULL,NULL,NULL,0,2
1077,VIII-FO-COMBS-ARRS,FO Adoption Resource and Referral Section,NULL,NULL,VIII-FO-PSD-COMBS,8,NULL,NULL,NULL,NULL,0,2
1078,VIII-FO-COMBS-SFP,FO Supplementary Feeding Program,NULL,NULL,VIII-FO-PSD-COMBS,8,NULL,NULL,NULL,NULL,0,2
1079,VIII-FO-COMBS-SPO,FO Social Pension Office,NULL,NULL,VIII-FO-PSD-COMBS,8,NULL,NULL,NULL,NULL,0,2
1080,VIII-FO-DRMD,FO Disaster Response Management Division,NULL,NULL,VIII-FO-OARDO,8,NULL,NULL,NULL,NULL,0,2
1081,VIII-FO-DRMD-DRIMS,FO Regional Response & Information Management Section,NULL,NULL,VIII-FO-DRMD,8,NULL,NULL,NULL,NULL,0,2
1082,VIII-FO-DRMD-DRRMS,FO Disaster Response Rehabilitation Managment Section,NULL,NULL,VIII-FO-DRMD,8,NULL,NULL,NULL,NULL,0,2
1083,VIII-FO-DRMD-RROS,FO Regiona Resource Operation Section,NULL,NULL,VIII-FO-DRMD,8,NULL,NULL,NULL,NULL,0,2
1084,VIII-FO-FMD,FO Financial Management Division,NULL,NULL,VIII-FO-OARDA,8,NULL,NULL,NULL,NULL,0,2
1085,VIII-FO-FMD-AS,FO Accounting Section,NULL,NULL,VIII-FO-FMD,8,NULL,NULL,NULL,NULL,0,2
1086,VIII-FO-FMD-BS,FO Budget Section,NULL,NULL,VIII-FO-FMD,8,NULL,NULL,NULL,NULL,0,2
1087,VIII-FO-FMD-CS,FO Cash Section,NULL,NULL,VIII-FO-FMD,8,NULL,NULL,NULL,NULL,0,2
1088,VIII-FO-HRMDD,FO Human Resource Management and Development Division,NULL,NULL,VIII-FO-OARDA,8,NULL,NULL,NULL,NULL,0,2
1089,VIII-FO-HRMDD-HRPPMS,FO Human Resource Planning and Performance Management Section,NULL,NULL,VIII-FO-HRMDD,8,NULL,NULL,NULL,NULL,0,2
1090,VIII-FO-HRMDD-HRWS,FO Human Resource Welfare Section,NULL,NULL,VIII-FO-HRMDD,8,NULL,NULL,NULL,NULL,0,2
1091,VIII-FO-HRMDD-LDS,FO Learning and Development Section,NULL,NULL,VIII-FO-HRMDD,8,NULL,NULL,NULL,NULL,0,2
1092,VIII-FO-HRMDD-PAS,FO Personal Administration Section,NULL,NULL,VIII-FO-HRMDD,8,NULL,NULL,NULL,NULL,0,2
1093,VIII-FO-IAU,FO Internal Audit Unit,NULL,NULL,VIII-FO-ORD,8,NULL,NULL,NULL,NULL,0,2
1094,VIII-FO-KC,FO Kalhi-CIDSS PMO,NULL,NULL,VIII-FO-PROSD,8,NULL,NULL,NULL,NULL,0,2
1095,VIII-FO-LU,FO Legal Unit,NULL,NULL,VIII-FO-ORD,8,NULL,NULL,NULL,NULL,0,2
1096,VIII-FO-OARDA,FO Office of Assistant Regional Director for Administration,NULL,NULL,VIII-FO-ORD,8,NULL,NULL,NULL,NULL,0,2
1097,VIII-FO-OARDO,FO Office of Assistant Regional Director for Operation,NULL,NULL,VIII-FO-ORD,8,NULL,NULL,NULL,NULL,0,2
1098,VIII-FO-ORD,FO Office of the Regional Director,NULL,NULL,NULL,8,NULL,NULL,NULL,NULL,0,2
1099,VIII-FO-ORD-STU,FO Social Technology Unit,NULL,NULL,VIII-FO-ORD,8,NULL,NULL,NULL,NULL,0,2
1100,VIII-FO-PPD,FO Policy and Plans Division,NULL,NULL,VIII-FO-ORD,8,NULL,NULL,NULL,NULL,0,2
1101,VIII-FO-PPD-ICT,FO Information & Planning Communication Technology Section,NULL,NULL,VIII-FO-ORD,8,NULL,NULL,NULL,NULL,0,2
1102,VIII-FO-PPD-NHTS,FO National Household Targetting Section,NULL,NULL,VIII-FO-ORD,8,NULL,NULL,NULL,NULL,0,2
1103,VIII-FO-PPD-PDPS,FO Policy Development and Planning Section,NULL,NULL,VIII-FO-PPD,8,NULL,NULL,NULL,NULL,0,2
1104,VIII-FO-PPD-SS,FO Standard Section,NULL,NULL,VIII-FO-ORD,8,NULL,NULL,NULL,NULL,0,2
1105,VIII-FO-PPD-UCT,FO Unconditional Cash Transfer,NULL,NULL,VIII-FO-PPD,8,NULL,NULL,NULL,NULL,0,2
1106,VIII-FO-PROMSD,FO Promotive Service Division,NULL,NULL,VIII-FO-OARDO,8,NULL,NULL,NULL,NULL,0,2
1107,VIII-FO-PROMSD-EPAHP,FO Enhance Partnership Against Hunger and Poverty,NULL,NULL,VIII-FO-PROMSD,8,NULL,NULL,NULL,NULL,0,2
1108,VIII-FO-PROMSD-SLP,FO Sustainable Livelihood Program PMO,NULL,NULL,VIII-FO-PROSD,8,NULL,NULL,NULL,NULL,0,2
1109,VIII-FO-PSD,FO Protective Service Division,NULL,NULL,VIII-FO-OARDO,8,NULL,NULL,NULL,NULL,0,2
1110,VIII-FO-PSD-CBS,FO Capacity Building Section,NULL,NULL,VIII-FO-PSD,8,NULL,NULL,NULL,NULL,0,2
1111,VIII-FO-PSD-CBSS,FO Center Based Services Section,NULL,NULL,VIII-FO-PSD,8,NULL,NULL,NULL,NULL,0,2
1112,VIII-FO-PSD-CIS,FO Crisis Intervention Section,NULL,NULL,VIII-FO-PSD,8,NULL,NULL,NULL,NULL,0,2
1113,VIII-FO-PSD-COMBS,FO Community Based Services Section,NULL,NULL,VIII-FO-PSD,8,NULL,NULL,NULL,NULL,0,2
1114,VIII-FO-SMU,FO Social Marketing Unit,NULL,NULL,VIII-FO-ORD,8,NULL,NULL,NULL,NULL,0,2
1115,X-FO-4PS-AS,FO Pantawid - Administrative Section,NULL,NULL,X-FO-4PS,10,NULL,NULL,NULL,NULL,0,2
1116,X-FO-4PS-BDM,FO Pantawid - Beneficiary Data Management Section,NULL,NULL,X-FO-4PS,10,NULL,NULL,NULL,NULL,0,2
1117,X-FO-4PS-CBS,FO Pantawid - Capability Building Division,NULL,NULL,X-FO-4PS,10,NULL,NULL,NULL,NULL,0,2
1118,X-FO-4PS-CVS,FO Pantawid - Compliance Verification Section,NULL,NULL,X-FO-4PS,10,NULL,NULL,NULL,NULL,0,2
1119,X-FO-4PS-FDS,FO Pantawid - Family Development Section,NULL,NULL,X-FO-4PS,10,NULL,NULL,NULL,NULL,0,2
1120,X-FO-4PS-GRS,FO Pantawid - Grievance Redress Section,NULL,NULL,X-FO-4PS,10,NULL,NULL,NULL,NULL,0,2
1121,X-FO-4PS-IPD,FO Pantawid - Institutional Partnership Section,NULL,NULL,X-FO-4PS,10,NULL,NULL,NULL,NULL,0,2
1122,X-FO-4PS-MCCT,FO Pantawid - Modified Conditional Cash Transfer Section,NULL,NULL,X-FO-4PS,10,NULL,NULL,NULL,NULL,0,2
1123,X-FO-4PS-OPS,FO Pantawid - Operation,NULL,NULL,X-FO-4PS,10,NULL,NULL,NULL,NULL,0,2
1124,X-FO-4PS-PMES,FO Pantawid - Planning and Monitoring and Evaluation Section,NULL,NULL,X-FO-4PS,10,NULL,NULL,NULL,NULL,0,2
1125,X-FO-4PS-RPMO,FO Pantawid Regional Program Management Office,NULL,NULL,X-FO-PROSD,10,NULL,NULL,NULL,NULL,0,2
1126,X-FO-4PS-SMU,FO Pantawid - Social Marketing Unit,NULL,NULL,X-FO-4PS,10,NULL,NULL,NULL,NULL,0,2
1127,X-FO-4PS-SSDMS,FO Pantawid - Social Services Delivery and Management Section,NULL,NULL,X-FO-4PS,10,NULL,NULL,NULL,NULL,0,2
1128,X-FO-AD,FO Administrative Division,NULL,NULL,X-FO-OARDA,10,NULL,NULL,NULL,NULL,0,2
1129,X-FO-AD-GSS,FO General Service Section,NULL,NULL,X-FO-AD,10,NULL,NULL,NULL,NULL,0,2
1130,X-FO-AD-PS,FO Procurement Section,NULL,NULL,X-FO-AD,10,NULL,NULL,NULL,NULL,0,2
1131,X-FO-AD-PSS,FO Property and Supply Section,NULL,NULL,X-FO-AD,10,NULL,NULL,NULL,NULL,0,2
1132,X-FO-AD-RAMS,FO Records Management Section,NULL,NULL,X-FO-AD,10,NULL,NULL,NULL,NULL,0,2
1133,X-FO-ALL,All DSWD Field Office X,NULL,NULL,NULL,10,NULL,NULL,NULL,NULL,0,2
1134,X-FO-BAC,FO Bids and Awards Committee,NULL,NULL,NULL,10,NULL,NULL,NULL,NULL,0,2
1135,X-FO-CBS-MTA,FO Minors Travelling Abroad Office,NULL,NULL,X-FO-PSD-COMBS,10,NULL,NULL,NULL,NULL,0,2
1136,X-FO-CBSS-ANVRC,FO A/NVRC Island Cluster,NULL,NULL,X-FO-PSD-CBSS,10,NULL,NULL,NULL,NULL,0,2
1137,X-FO-CBSS-RHGW,FO Regional Home for Girls and Women,NULL,NULL,X-FO-PSD-CBSS,10,NULL,NULL,NULL,NULL,0,2
1138,X-FO-CBSS-RSCC,FO Reception and Study Center for Children,NULL,NULL,X-FO-PSD-CBSS,10,NULL,NULL,NULL,NULL,0,2
1139,X-FO-CBSS-RSCY,FO Regional Rehabilitation Center for Youth,NULL,NULL,X-FO-PSD-CBSS,10,NULL,NULL,NULL,NULL,0,2
1140,X-FO-COA,FO Commision on Audit,NULL,NULL,NULL,10,NULL,NULL,NULL,NULL,0,2
1141,X-FO-COMBS-ARRS,FO Adoption Resource and Referral Section,NULL,NULL,X-FO-PSD-COMBS,10,NULL,NULL,NULL,NULL,0,2
1142,X-FO-COMBS-SFP,FO Supplementary Feeding Program,NULL,NULL,X-FO-PSD-COMBS,10,NULL,NULL,NULL,NULL,0,2
1143,X-FO-COMBS-SPO,FO Social Pension Office,NULL,NULL,X-FO-PSD-COMBS,10,NULL,NULL,NULL,NULL,0,2
1144,X-FO-DRMD,FO Disaster Response Management Division,NULL,NULL,X-FO-OARDO,10,NULL,NULL,NULL,NULL,0,2
1145,X-FO-DRMD-DRIMS,FO Regional Response & Information Management Section,NULL,NULL,X-FO-DRMD,10,NULL,NULL,NULL,NULL,0,2
1146,X-FO-DRMD-DRRMS,FO Disaster Response Rehabilitation Managment Section,NULL,NULL,X-FO-DRMD,10,NULL,NULL,NULL,NULL,0,2
1147,X-FO-DRMD-RROS,FO Regiona Resource Operation Section,NULL,NULL,X-FO-DRMD,10,NULL,NULL,NULL,NULL,0,2
1148,X-FO-FMD,FO Financial Management Division,NULL,NULL,X-FO-OARDA,10,NULL,NULL,NULL,NULL,0,2
1149,X-FO-FMD-AS,FO Accounting Section,NULL,NULL,X-FO-FMD,10,NULL,NULL,NULL,NULL,0,2
1150,X-FO-FMD-BS,FO Budget Section,NULL,NULL,X-FO-FMD,10,NULL,NULL,NULL,NULL,0,2
1151,X-FO-FMD-CS,FO Cash Section,NULL,NULL,X-FO-FMD,10,NULL,NULL,NULL,NULL,0,2
1152,X-FO-HRMDD,FO Human Resource Management and Development Division,NULL,NULL,X-FO-OARDA,10,NULL,NULL,NULL,NULL,0,2
1153,X-FO-HRMDD-HRPPMS,FO Human Resource Planning and Performance Management Section,NULL,NULL,X-FO-HRMDD,10,NULL,NULL,NULL,NULL,0,2
1154,X-FO-HRMDD-HRWS,FO Human Resource Welfare Section,NULL,NULL,X-FO-HRMDD,10,NULL,NULL,NULL,NULL,0,2
1155,X-FO-HRMDD-LDS,FO Learning and Development Section,NULL,NULL,X-FO-HRMDD,10,NULL,NULL,NULL,NULL,0,2
1156,X-FO-HRMDD-PAS,FO Personal Administration Section,NULL,NULL,X-FO-HRMDD,10,NULL,NULL,NULL,NULL,0,2
1157,X-FO-IAU,FO Internal Audit Unit,NULL,NULL,X-FO-ORD,10,NULL,NULL,NULL,NULL,0,2
1158,X-FO-KC,FO Kalhi-CIDSS PMO,NULL,NULL,X-FO-PROSD,10,NULL,NULL,NULL,NULL,0,2
1159,X-FO-LU,FO Legal Unit,NULL,NULL,X-FO-ORD,10,NULL,NULL,NULL,NULL,0,2
1160,X-FO-OARDA,FO Office of Assistant Regional Director for Administration,NULL,NULL,X-FO-ORD,10,NULL,NULL,NULL,NULL,0,2
1161,X-FO-OARDO,FO Office of Assistant Regional Director for Operation,NULL,NULL,X-FO-ORD,10,NULL,NULL,NULL,NULL,0,2
1162,X-FO-ORD,FO Office of the Regional Director,NULL,NULL,NULL,10,NULL,NULL,NULL,NULL,0,2
1163,X-FO-ORD-STU,FO Social Technology Unit,NULL,NULL,X-FO-ORD,10,NULL,NULL,NULL,NULL,0,2
1164,X-FO-PPD,FO Policy and Plans Division,NULL,NULL,X-FO-ORD,10,NULL,NULL,NULL,NULL,0,2
1165,X-FO-PPD-ICT,FO Information & Planning Communication Technology Section,NULL,NULL,X-FO-ORD,10,NULL,NULL,NULL,NULL,0,2
1166,X-FO-PPD-NHTS,FO National Household Targetting Section,NULL,NULL,X-FO-ORD,10,NULL,NULL,NULL,NULL,0,2
1167,X-FO-PPD-PDPS,FO Policy Development and Planning Section,NULL,NULL,X-FO-PPD,10,NULL,NULL,NULL,NULL,0,2
1168,X-FO-PPD-SS,FO Standard Section,NULL,NULL,X-FO-ORD,10,NULL,NULL,NULL,NULL,0,2
1169,X-FO-PPD-UCT,FO Unconditional Cash Transfer,NULL,NULL,X-FO-PPD,10,NULL,NULL,NULL,NULL,0,2
1170,X-FO-PROMSD,FO Promotive Service Division,NULL,NULL,X-FO-OARDO,10,NULL,NULL,NULL,NULL,0,2
1171,X-FO-PROMSD-EPAHP,FO Enhance Partnership Against Hunger and Poverty,NULL,NULL,X-FO-PROMSD,10,NULL,NULL,NULL,NULL,0,2
1172,X-FO-PROMSD-SLP,FO Sustainable Livelihood Program PMO,NULL,NULL,X-FO-PROSD,10,NULL,NULL,NULL,NULL,0,2
1173,X-FO-PSD,FO Protective Service Division,NULL,NULL,X-FO-OARDO,10,NULL,NULL,NULL,NULL,0,2
1174,X-FO-PSD-CBS,FO Capacity Building Section,NULL,NULL,X-FO-PSD,10,NULL,NULL,NULL,NULL,0,2
1175,X-FO-PSD-CBSS,FO Center Based Services Section,NULL,NULL,X-FO-PSD,10,NULL,NULL,NULL,NULL,0,2
1176,X-FO-PSD-CIS,FO Crisis Intervention Section,NULL,NULL,X-FO-PSD,10,NULL,NULL,NULL,NULL,0,2
1177,X-FO-PSD-COMBS,FO Community Based Services Section,NULL,NULL,X-FO-PSD,10,NULL,NULL,NULL,NULL,0,2
1178,X-FO-SMU,FO Social Marketing Unit,NULL,NULL,X-FO-ORD,10,NULL,NULL,NULL,NULL,0,2
1179,XI-FO-4PS-AS,FO Pantawid - Administrative Section,NULL,NULL,XI-FO-4PS,11,NULL,NULL,NULL,NULL,0,2
1180,XI-FO-4PS-BDM,FO Pantawid - Beneficiary Data Management Section,NULL,NULL,XI-FO-4PS,11,NULL,NULL,NULL,NULL,0,2
1181,XI-FO-4PS-CBS,FO Pantawid - Capability Building Division,NULL,NULL,XI-FO-4PS,11,NULL,NULL,NULL,NULL,0,2
1182,XI-FO-4PS-CVS,FO Pantawid - Compliance Verification Section,NULL,NULL,XI-FO-4PS,11,NULL,NULL,NULL,NULL,0,2
1183,XI-FO-4PS-FDS,FO Pantawid - Family Development Section,NULL,NULL,XI-FO-4PS,11,NULL,NULL,NULL,NULL,0,2
1184,XI-FO-4PS-GRS,FO Pantawid - Grievance Redress Section,NULL,NULL,XI-FO-4PS,11,NULL,NULL,NULL,NULL,0,2
1185,XI-FO-4PS-IPD,FO Pantawid - Institutional Partnership Section,NULL,NULL,XI-FO-4PS,11,NULL,NULL,NULL,NULL,0,2
1186,XI-FO-4PS-MCCT,FO Pantawid - Modified Conditional Cash Transfer Section,NULL,NULL,XI-FO-4PS,11,NULL,NULL,NULL,NULL,0,2
1187,XI-FO-4PS-OPS,FO Pantawid - Operation,NULL,NULL,XI-FO-4PS,11,NULL,NULL,NULL,NULL,0,2
1188,XI-FO-4PS-PMES,FO Pantawid - Planning and Monitoring and Evaluation Section,NULL,NULL,XI-FO-4PS,11,NULL,NULL,NULL,NULL,0,2
1189,XI-FO-4PS-POO-DC,FO Pantawid Operations Office Davao City ,NULL,NULL,XI-FO-4PS,11,NULL,NULL,NULL,NULL,0,2
1190,XI-FO-4PS-POO-DDN,FO Pantawid Operations Office Davao del Norte ,NULL,NULL,XI-FO-4PS,11,NULL,NULL,NULL,NULL,0,2
1191,XI-FO-4PS-POO-DDO,FO Pantawid Operations Office Davao de Oro ,NULL,NULL,XI-FO-4PS,11,NULL,NULL,NULL,NULL,0,2
1192,XI-FO-4PS-POO-DDS,FO Pantawid Operations Office Davao del Sur ,NULL,NULL,XI-FO-4PS,11,NULL,NULL,NULL,NULL,0,2
1193,XI-FO-4PS-POO-DO,FO Pantawid Operations Office Davao Oriental ,NULL,NULL,XI-FO-4PS,11,NULL,NULL,NULL,NULL,0,2
1194,XI-FO-4PS-POO-DOCC,FO Pantawid Operations Office Davao Occidental ,NULL,NULL,XI-FO-4PS,11,NULL,NULL,NULL,NULL,0,2
1195,XI-FO-4PS-RPMO,FO Pantawid Regional Program Management Office,NULL,NULL,XI-FO-PROSD,11,NULL,NULL,NULL,NULL,0,2
1196,XI-FO-4PS-SMU,FO Pantawid - Social Marketing Unit,NULL,NULL,XI-FO-4PS,11,NULL,NULL,NULL,NULL,0,2
1197,XI-FO-4PS-SSDMS,FO Pantawid - Social Services Delivery and Management Section,NULL,NULL,XI-FO-4PS,11,NULL,NULL,NULL,NULL,0,2
1198,XI-FO-AD,FO Administrative Division,NULL,NULL,XI-FO-OARDA,11,NULL,NULL,NULL,NULL,0,2
1199,XI-FO-AD-GSS,FO General Service Section,NULL,NULL,XI-FO-AD,11,NULL,NULL,NULL,NULL,0,2
1200,XI-FO-AD-PS,FO Procurement Section,NULL,NULL,XI-FO-AD,11,NULL,NULL,NULL,NULL,0,2
1201,XI-FO-AD-PSS,FO Property and Supply Section,NULL,NULL,XI-FO-AD,11,NULL,NULL,NULL,NULL,0,2
1202,XI-FO-AD-RAMS,FO Records Management Section,NULL,NULL,XI-FO-AD,11,NULL,NULL,NULL,NULL,0,2
1203,XI-FO-ALL,All DSWD Field Office XI,NULL,NULL,NULL,11,NULL,NULL,NULL,NULL,0,2
1204,XI-FO-BAC,FO Bids and Awards Committee,NULL,NULL,NULL,11,NULL,NULL,NULL,NULL,0,2
1205,XI-FO-CBS-MTA,FO Minors Travelling Abroad Office,NULL,NULL,XI-FO-PSD-COMBS,11,NULL,NULL,NULL,NULL,0,2
1206,XI-FO-CBSS-AH,FO CBSS Angels Haven,NULL,NULL,XI-FO-PSD,11,NULL,NULL,NULL,NULL,0,2
1207,XI-FO-CBSS-ANVRC,FO A/NVRC Island Cluster,NULL,NULL,XI-FO-PSD-CBSS,11,NULL,NULL,NULL,NULL,0,2
1208,XI-FO-CBSS-HA,FO CBSS Home for the Aged,NULL,NULL,XI-FO-PSD,11,NULL,NULL,NULL,NULL,0,2
1209,XI-FO-CBSS-RHGW,FO Regional Home for Girls and Women,NULL,NULL,XI-FO-PSD-CBSS,11,NULL,NULL,NULL,NULL,0,2
1210,XI-FO-CBSS-RSCC,FO Reception and Study Center for Children,NULL,NULL,XI-FO-PSD-CBSS,11,NULL,NULL,NULL,NULL,0,2
1211,XI-FO-CBSS-RSCY,FO Regional Rehabilitation Center for Youth,NULL,NULL,XI-FO-PSD-CBSS,11,NULL,NULL,NULL,NULL,0,2
1212,XI-FO-COA,FO Commision on Audit,NULL,NULL,NULL,11,NULL,NULL,NULL,NULL,0,2
1213,XI-FO-COMBS-ARRS,FO Adoption Resource and Referral Section,NULL,NULL,XI-FO-PSD-COMBS,11,NULL,NULL,NULL,NULL,0,2
1214,XI-FO-COMBS-SFP,FO Supplementary Feeding Program,NULL,NULL,XI-FO-PSD-COMBS,11,NULL,NULL,NULL,NULL,0,2
1215,XI-FO-COMBS-SPO,FO Social Pension Office,NULL,NULL,XI-FO-PSD-COMBS,11,NULL,NULL,NULL,NULL,0,2
1216,XI-FO-DRMD,FO Disaster Response Management Division,NULL,NULL,XI-FO-OARDO,11,NULL,NULL,NULL,NULL,0,2
1217,XI-FO-DRMD-DRIMS,FO Regional Response & Information Management Section,NULL,NULL,XI-FO-DRMD,11,NULL,NULL,NULL,NULL,0,2
1218,XI-FO-DRMD-DRRMS,FO Disaster Response Rehabilitation Managment Section,NULL,NULL,XI-FO-DRMD,11,NULL,NULL,NULL,NULL,0,2
1219,XI-FO-DRMD-RROS,FO Regiona Resource Operation Section,NULL,NULL,XI-FO-DRMD,11,NULL,NULL,NULL,NULL,0,2
1220,XI-FO-FMD,FO Financial Management Division,NULL,NULL,XI-FO-OARDA,11,NULL,NULL,NULL,NULL,0,2
1221,XI-FO-FMD-AS,FO Accounting Section,NULL,NULL,XI-FO-FMD,11,NULL,NULL,NULL,NULL,0,2
1222,XI-FO-FMD-BS,FO Budget Section,NULL,NULL,XI-FO-FMD,11,NULL,NULL,NULL,NULL,0,2
1223,XI-FO-FMD-CS,FO Cash Section,NULL,NULL,XI-FO-FMD,11,NULL,NULL,NULL,NULL,0,2
1224,XI-FO-HRMDD,FO Human Resource Management and Development Division,NULL,NULL,XI-FO-OARDA,11,NULL,NULL,NULL,NULL,0,2
1225,XI-FO-HRMDD-HRPPMS,FO Human Resource Planning and Performance Management Section,NULL,NULL,XI-FO-HRMDD,11,NULL,NULL,NULL,NULL,0,2
1226,XI-FO-HRMDD-HRWS,FO Human Resource Welfare Section,NULL,NULL,XI-FO-HRMDD,11,NULL,NULL,NULL,NULL,0,2
1227,XI-FO-HRMDD-LDS,FO Learning and Development Section,NULL,NULL,XI-FO-HRMDD,11,NULL,NULL,NULL,NULL,0,2
1228,XI-FO-HRMDD-PAS,FO Personal Administration Section,NULL,NULL,XI-FO-HRMDD,11,NULL,NULL,NULL,NULL,0,2
1229,XI-FO-IAU,FO Internal Audit Unit,NULL,NULL,XI-FO-ORD,11,NULL,NULL,NULL,NULL,0,2
1230,XI-FO-KC,FO Kalhi-CIDSS PMO,NULL,NULL,XI-FO-PROSD,11,NULL,NULL,NULL,NULL,0,2
1231,XI-FO-LU,FO Legal Unit,NULL,NULL,XI-FO-ORD,11,NULL,NULL,NULL,NULL,0,2
1232,XI-FO-OARDA,FO Office of Assistant Regional Director for Administration,NULL,NULL,XI-FO-ORD,11,NULL,NULL,NULL,NULL,0,2
1233,XI-FO-OARDO,FO Office of Assistant Regional Director for Operation,NULL,NULL,XI-FO-ORD,11,NULL,NULL,NULL,NULL,0,2
1234,XI-FO-ORD,FO Office of the Regional Director,NULL,NULL,NULL,11,NULL,NULL,NULL,NULL,0,2
1235,XI-FO-ORD-STU,FO Social Technology Unit,NULL,NULL,XI-FO-ORD,11,NULL,NULL,NULL,NULL,0,2
1236,XI-FO-PPD,FO Policy and Plans Division,NULL,NULL,XI-FO-ORD,11,NULL,NULL,NULL,NULL,0,2
1237,XI-FO-PPD-ICT,FO Information & Planning Communication Technology Section,NULL,NULL,XI-FO-ORD,11,NULL,NULL,NULL,NULL,0,2
1238,XI-FO-PPD-NHTS,FO National Household Targetting Section,NULL,NULL,XI-FO-ORD,11,NULL,NULL,NULL,NULL,0,2
1239,XI-FO-PPD-PDPS,FO Policy Development and Planning Section,NULL,NULL,XI-FO-PPD,11,NULL,NULL,NULL,NULL,0,2
1240,XI-FO-PPD-SS,FO Standard Section,NULL,NULL,XI-FO-ORD,11,NULL,NULL,NULL,NULL,0,2
1241,XI-FO-PPD-UCT,FO Unconditional Cash Transfer,NULL,NULL,XI-FO-PPD,11,NULL,NULL,NULL,NULL,0,2
1242,XI-FO-PROMSD,FO Promotive Service Division,NULL,NULL,XI-FO-OARDO,11,NULL,NULL,NULL,NULL,0,2
1243,XI-FO-PROMSD-EPAHP,FO Enhance Partnership Against Hunger and Poverty,NULL,NULL,XI-FO-PROMSD,11,NULL,NULL,NULL,NULL,0,2
1244,XI-FO-PROMSD-SLP,FO Sustainable Livelihood Program PMO,NULL,NULL,XI-FO-PROSD,11,NULL,NULL,NULL,NULL,0,2
1245,XI-FO-PSD,FO Protective Service Division,NULL,NULL,XI-FO-OARDO,11,NULL,NULL,NULL,NULL,0,2
1246,XI-FO-PSD-CBS,FO Capacity Building Section,NULL,NULL,XI-FO-PSD,11,NULL,NULL,NULL,NULL,0,2
1247,XI-FO-PSD-CBSS,FO Center Based Services Section,NULL,NULL,XI-FO-PSD,11,NULL,NULL,NULL,NULL,0,2
1248,XI-FO-PSD-CIS,FO Crisis Intervention Section,NULL,NULL,XI-FO-PSD,11,NULL,NULL,NULL,NULL,0,2
1249,XI-FO-PSD-COMBS,FO Community Based Services Section,NULL,NULL,XI-FO-PSD,11,NULL,NULL,NULL,NULL,0,2
1250,XI-FO-SMU,FO Social Marketing Unit,NULL,NULL,XI-FO-ORD,11,NULL,NULL,NULL,NULL,0,2
1251,XI-FO-SWAD-DC,FO Social Welfare and Development Office- Davao City Third District,NULL,NULL,XI-FO-PSD,11,NULL,NULL,NULL,NULL,0,2
1252,XI-FO-SWAD-DDN,FO Social Welfare and Development Office- Davao del Norte ,NULL,NULL,XI-FO-PSD,11,NULL,NULL,NULL,NULL,0,2
1253,XI-FO-SWAD-DDO,FO Social Welfare and Development Office- Davao de Oro ,NULL,NULL,XI-FO-PSD,11,NULL,NULL,NULL,NULL,0,2
1254,XI-FO-SWAD-DDS,FO Social Welfare and Development Office- Davao del Sur ,NULL,NULL,XI-FO-PSD,11,NULL,NULL,NULL,NULL,0,2
1255,XI-FO-SWAD-DO,FO Social Welfare and Development Office- Davao Oriental ,NULL,NULL,XI-FO-PSD,11,NULL,NULL,NULL,NULL,0,2
1256,XI-FO-SWAD-DOCC,FO Social Welfare and Development Office- Davao Occidental ,NULL,NULL,XI-FO-PSD,11,NULL,NULL,NULL,NULL,0,2
1257,XII-FO-4PS-AS,FO Pantawid - Administrative Section,NULL,NULL,XII-FO-4PS,12,NULL,NULL,NULL,NULL,0,2
1258,XII-FO-4PS-BDM,FO Pantawid - Beneficiary Data Management Section,NULL,NULL,XII-FO-4PS,12,NULL,NULL,NULL,NULL,0,2
1259,XII-FO-4PS-CBS,FO Pantawid - Capability Building Division,NULL,NULL,XII-FO-4PS,12,NULL,NULL,NULL,NULL,0,2
1260,XII-FO-4PS-CVS,FO Pantawid - Compliance Verification Section,NULL,NULL,XII-FO-4PS,12,NULL,NULL,NULL,NULL,0,2
1261,XII-FO-4PS-FDS,FO Pantawid - Family Development Section,NULL,NULL,XII-FO-4PS,12,NULL,NULL,NULL,NULL,0,2
1262,XII-FO-4PS-GRS,FO Pantawid - Grievance Redress Section,NULL,NULL,XII-FO-4PS,12,NULL,NULL,NULL,NULL,0,2
1263,XII-FO-4PS-IPD,FO Pantawid - Institutional Partnership Section,NULL,NULL,XII-FO-4PS,12,NULL,NULL,NULL,NULL,0,2
1264,XII-FO-4PS-MCCT,FO Pantawid - Modified Conditional Cash Transfer Section,NULL,NULL,XII-FO-4PS,12,NULL,NULL,NULL,NULL,0,2
1265,XII-FO-4PS-OPS,FO Pantawid - Operation,NULL,NULL,XII-FO-4PS,12,NULL,NULL,NULL,NULL,0,2
1266,XII-FO-4PS-PMES,FO Pantawid - Planning and Monitoring and Evaluation Section,NULL,NULL,XII-FO-4PS,12,NULL,NULL,NULL,NULL,0,2
1267,XII-FO-4PS-RPMO,FO Pantawid Regional Program Management Office,NULL,NULL,XII-FO-PROSD,12,NULL,NULL,NULL,NULL,0,2
1268,XII-FO-4PS-SMU,FO Pantawid - Social Marketing Unit,NULL,NULL,XII-FO-4PS,12,NULL,NULL,NULL,NULL,0,2
1269,XII-FO-4PS-SSDMS,FO Pantawid - Social Services Delivery and Management Section,NULL,NULL,XII-FO-4PS,12,NULL,NULL,NULL,NULL,0,2
1270,XII-FO-AD,FO Administrative Division,NULL,NULL,XII-FO-OARDA,12,NULL,NULL,NULL,NULL,0,2
1271,XII-FO-AD-GSS,FO General Service Section,NULL,NULL,XII-FO-AD,12,NULL,NULL,NULL,NULL,0,2
1272,XII-FO-AD-PS,FO Procurement Section,NULL,NULL,XII-FO-AD,12,NULL,NULL,NULL,NULL,0,2
1273,XII-FO-AD-PSS,FO Property and Supply Section,NULL,NULL,XII-FO-AD,12,NULL,NULL,NULL,NULL,0,2
1274,XII-FO-AD-RAMS,FO Records Management Section,NULL,NULL,XII-FO-AD,12,NULL,NULL,NULL,NULL,0,2
1275,XII-FO-ALL,All DSWD Field Office XII,NULL,NULL,NULL,12,NULL,NULL,NULL,NULL,0,2
1276,XII-FO-BAC,FO Bids and Awards Committee,NULL,NULL,NULL,12,NULL,NULL,NULL,NULL,0,2
1277,XII-FO-CBS-MTA,FO Minors Travelling Abroad Office,NULL,NULL,XII-FO-PSD-COMBS,12,NULL,NULL,NULL,NULL,0,2
1278,XII-FO-CBSS-ANVRC,FO A/NVRC Island Cluster,NULL,NULL,XII-FO-PSD-CBSS,12,NULL,NULL,NULL,NULL,0,2
1279,XII-FO-CBSS-RHGW,FO Regional Home for Girls and Women,NULL,NULL,XII-FO-PSD-CBSS,12,NULL,NULL,NULL,NULL,0,2
1280,XII-FO-CBSS-RSCC,FO Reception and Study Center for Children,NULL,NULL,XII-FO-PSD-CBSS,12,NULL,NULL,NULL,NULL,0,2
1281,XII-FO-CBSS-RSCY,FO Regional Rehabilitation Center for Youth,NULL,NULL,XII-FO-PSD-CBSS,12,NULL,NULL,NULL,NULL,0,2
1282,XII-FO-COA,FO Commision on Audit,NULL,NULL,NULL,12,NULL,NULL,NULL,NULL,0,2
1283,XII-FO-COMBS-ARRS,FO Adoption Resource and Referral Section,NULL,NULL,XII-FO-PSD-COMBS,12,NULL,NULL,NULL,NULL,0,2
1284,XII-FO-COMBS-SFP,FO Supplementary Feeding Program,NULL,NULL,XII-FO-PSD-COMBS,12,NULL,NULL,NULL,NULL,0,2
1285,XII-FO-COMBS-SPO,FO Social Pension Office,NULL,NULL,XII-FO-PSD-COMBS,12,NULL,NULL,NULL,NULL,0,2
1286,XII-FO-DRMD,FO Disaster Response Management Division,NULL,NULL,XII-FO-OARDO,12,NULL,NULL,NULL,NULL,0,2
1287,XII-FO-DRMD-DRIMS,FO Regional Response & Information Management Section,NULL,NULL,XII-FO-DRMD,12,NULL,NULL,NULL,NULL,0,2
1288,XII-FO-DRMD-DRRMS,FO Disaster Response Rehabilitation Managment Section,NULL,NULL,XII-FO-DRMD,12,NULL,NULL,NULL,NULL,0,2
1289,XII-FO-DRMD-RROS,FO Regiona Resource Operation Section,NULL,NULL,XII-FO-DRMD,12,NULL,NULL,NULL,NULL,0,2
1290,XII-FO-FMD,FO Financial Management Division,NULL,NULL,XII-FO-OARDA,12,NULL,NULL,NULL,NULL,0,2
1291,XII-FO-FMD-AS,FO Accounting Section,NULL,NULL,XII-FO-FMD,12,NULL,NULL,NULL,NULL,0,2
1292,XII-FO-FMD-BS,FO Budget Section,NULL,NULL,XII-FO-FMD,12,NULL,NULL,NULL,NULL,0,2
1293,XII-FO-FMD-CS,FO Cash Section,NULL,NULL,XII-FO-FMD,12,NULL,NULL,NULL,NULL,0,2
1294,XII-FO-HRMDD,FO Human Resource Management and Development Division,NULL,NULL,XII-FO-OARDA,12,NULL,NULL,NULL,NULL,0,2
1295,XII-FO-HRMDD-HRPPMS,FO Human Resource Planning and Performance Management Section,NULL,NULL,XII-FO-HRMDD,12,NULL,NULL,NULL,NULL,0,2
1296,XII-FO-HRMDD-HRWS,FO Human Resource Welfare Section,NULL,NULL,XII-FO-HRMDD,12,NULL,NULL,NULL,NULL,0,2
1297,XII-FO-HRMDD-LDS,FO Learning and Development Section,NULL,NULL,XII-FO-HRMDD,12,NULL,NULL,NULL,NULL,0,2
1298,XII-FO-HRMDD-PAS,FO Personal Administration Section,NULL,NULL,XII-FO-HRMDD,12,NULL,NULL,NULL,NULL,0,2
1299,XII-FO-IAU,FO Internal Audit Unit,NULL,NULL,XII-FO-ORD,12,NULL,NULL,NULL,NULL,0,2
1300,XII-FO-KC,FO Kalhi-CIDSS PMO,NULL,NULL,XII-FO-PROSD,12,NULL,NULL,NULL,NULL,0,2
1301,XII-FO-LU,FO Legal Unit,NULL,NULL,XII-FO-ORD,12,NULL,NULL,NULL,NULL,0,2
1302,XII-FO-OARDA,FO Office of Assistant Regional Director for Administration,NULL,NULL,XII-FO-ORD,12,NULL,NULL,NULL,NULL,0,2
1303,XII-FO-OARDO,FO Office of Assistant Regional Director for Operation,NULL,NULL,XII-FO-ORD,12,NULL,NULL,NULL,NULL,0,2
1304,XII-FO-ORD,FO Office of the Regional Director,NULL,NULL,NULL,12,NULL,NULL,NULL,NULL,0,2
1305,XII-FO-ORD-STU,FO Social Technology Unit,NULL,NULL,XII-FO-ORD,12,NULL,NULL,NULL,NULL,0,2
1306,XII-FO-PPD,FO Policy and Plans Division,NULL,NULL,XII-FO-ORD,12,NULL,NULL,NULL,NULL,0,2
1307,XII-FO-PPD-ICT,FO Information & Planning Communication Technology Section,NULL,NULL,XII-FO-ORD,12,NULL,NULL,NULL,NULL,0,2
1308,XII-FO-PPD-NHTS,FO National Household Targetting Section,NULL,NULL,XII-FO-ORD,12,NULL,NULL,NULL,NULL,0,2
1309,XII-FO-PPD-PDPS,FO Policy Development and Planning Section,NULL,NULL,XII-FO-PPD,12,NULL,NULL,NULL,NULL,0,2
1310,XII-FO-PPD-SS,FO Standard Section,NULL,NULL,XII-FO-ORD,12,NULL,NULL,NULL,NULL,0,2
1311,XII-FO-PPD-UCT,FO Unconditional Cash Transfer,NULL,NULL,XII-FO-PPD,12,NULL,NULL,NULL,NULL,0,2
1312,XII-FO-PROMSD,FO Promotive Service Division,NULL,NULL,XII-FO-OARDO,12,NULL,NULL,NULL,NULL,0,2
1313,XII-FO-PROMSD-EPAHP,FO Enhance Partnership Against Hunger and Poverty,NULL,NULL,XII-FO-PROMSD,12,NULL,NULL,NULL,NULL,0,2
1314,XII-FO-PROMSD-SLP,FO Sustainable Livelihood Program PMO,NULL,NULL,XII-FO-PROSD,12,NULL,NULL,NULL,NULL,0,2
1315,XII-FO-PSD,FO Protective Service Division,NULL,NULL,XII-FO-OARDO,12,NULL,NULL,NULL,NULL,0,2
1316,XII-FO-PSD-CBS,FO Capacity Building Section,NULL,NULL,XII-FO-PSD,12,NULL,NULL,NULL,NULL,0,2
1317,XII-FO-PSD-CBSS,FO Center Based Services Section,NULL,NULL,XII-FO-PSD,12,NULL,NULL,NULL,NULL,0,2
1318,XII-FO-PSD-CIS,FO Crisis Intervention Section,NULL,NULL,XII-FO-PSD,12,NULL,NULL,NULL,NULL,0,2
1319,XII-FO-PSD-COMBS,FO Community Based Services Section,NULL,NULL,XII-FO-PSD,12,NULL,NULL,NULL,NULL,0,2
1320,XII-FO-SMU,FO Social Marketing Unit,NULL,NULL,XII-FO-ORD,12,NULL,NULL,NULL,NULL,0,2
1725,4Ps-ASD-RU,4Ps-ASD-RU,NULL,NULL,NULL,CO,NULL,NULL,NULL,NULL,0,2
1726,ARMM-FO-4PS,ARMM-FO-4PS,NULL,NULL,NULL,CO,NULL,NULL,NULL,NULL,0,2
1727,AS-PAMD,AS-PAMD,NULL,NULL,NULL,CO,NULL,NULL,NULL,NULL,0,2
1728,BANGUNPROJECT,BANGUNPROJECT,NULL,NULL,NULL,CO,NULL,NULL,NULL,NULL,0,2
1729,DSWD-CO-FOs,DSWD-CO-FOs,NULL,NULL,NULL,CO,NULL,NULL,NULL,NULL,0,2
1730,DSWD-CO-OBS,DSWD-CO-OBS,NULL,NULL,NULL,CO,NULL,NULL,NULL,NULL,0,2
1731,DSWD-FOs,DSWD-FOs,NULL,NULL,NULL,CO,NULL,NULL,NULL,NULL,0,2
1732,FMS-Special Projects,FMS-Special Projects,NULL,NULL,NULL,CO,NULL,NULL,NULL,NULL,0,2
1733,FMSADSPEC,FMSADSPEC,NULL,NULL,NULL,CO,NULL,NULL,NULL,NULL,0,2
1734,FMSBDREG,FMSBDREG,NULL,NULL,NULL,CO,NULL,NULL,NULL,NULL,0,2
1735,FMSBDSPEC,FMSBDSPEC,NULL,NULL,NULL,CO,NULL,NULL,NULL,NULL,0,2
1736,FMSCDREG,FMSCDREG,NULL,NULL,NULL,CO,NULL,NULL,NULL,NULL,0,2
1737,FMSCDSPEC,FMSCDSPEC,NULL,NULL,NULL,CO,NULL,NULL,NULL,NULL,0,2
1738,FO-I-AS,FO-I-AS,NULL,NULL,NULL,CO,NULL,NULL,NULL,NULL,0,2
1739,FO-I-ICTMS,FO-I-ICTMS,NULL,NULL,NULL,CO,NULL,NULL,NULL,NULL,0,2
1740,FO-II-AS,FO-II-AS,NULL,NULL,NULL,CO,NULL,NULL,NULL,NULL,0,2
1741,FO-II-ICTMS,FO-II-ICTMS,NULL,NULL,NULL,CO,NULL,NULL,NULL,NULL,0,2
1742,FO-III-ICTMS,FO-III-ICTMS,NULL,NULL,NULL,CO,NULL,NULL,NULL,NULL,0,2
1743,OASADMIN,OASADMIN,NULL,NULL,NULL,CO,NULL,NULL,NULL,NULL,0,2
1744,OASDRM,OASDRM,NULL,NULL,NULL,CO,NULL,NULL,NULL,NULL,0,2
1745,OASLUZAF,OASLUZAF,NULL,NULL,NULL,CO,NULL,NULL,NULL,NULL,0,2
1746,OASMINAFF,OASMINAFF,NULL,NULL,NULL,CO,NULL,NULL,NULL,NULL,0,2
1747,OASPP,OASPP,NULL,NULL,NULL,CO,NULL,NULL,NULL,NULL,0,2
1748,OASSCB,OASSCB,NULL,NULL,NULL,CO,NULL,NULL,NULL,NULL,0,2
1749,OASSP,OASSP,NULL,NULL,NULL,CO,NULL,NULL,NULL,NULL,0,2
1750,OASSPECPRO,OASSPECPRO,NULL,NULL,NULL,CO,NULL,NULL,NULL,NULL,0,2
1751,OASSTPRO,OASSTPRO,NULL,NULL,NULL,CO,NULL,NULL,NULL,NULL,0,2
1752,OUSDRM,OUSDRM,NULL,NULL,NULL,CO,NULL,NULL,NULL,NULL,0,2
1753,OUSGASS,OUSGASS,NULL,NULL,NULL,CO,NULL,NULL,NULL,NULL,0,2
1754,OUSISP,OUSISP,NULL,NULL,NULL,CO,NULL,NULL,NULL,NULL,0,2
1755,OUSOPERATIONS,OUSOPERATIONS,NULL,NULL,NULL,CO,NULL,NULL,NULL,NULL,0,2
1756,OUSPP,OUSPP,NULL,NULL,NULL,CO,NULL,NULL,NULL,NULL,0,2
1757,OUSSC,OUSSC,NULL,NULL,NULL,CO,NULL,NULL,NULL,NULL,0,2
1758,OUSSCB,OUSSCB,NULL,NULL,NULL,CO,NULL,NULL,NULL,NULL,0,2
1759,OUSSP,OUSSP,NULL,NULL,NULL,CO,NULL,NULL,NULL,NULL,0,2
1760,OUSSWD,OUSSWD,NULL,NULL,NULL,CO,NULL,NULL,NULL,NULL,0,2
1761,PMS-BAC-SD,PMS-BAC-SD,NULL,NULL,NULL,CO,NULL,NULL,NULL,NULL,0,2
1762,PMS-CMD,PMS-CMD,NULL,NULL,NULL,CO,NULL,NULL,NULL,NULL,0,2
1763,PMS-PPMD,PMS-PPMD,NULL,NULL,NULL,CO,NULL,NULL,NULL,NULL,0,2
1764,FO-I-IAS,FO-I-IAS,NULL,NULL,NULL,CO,NULL,NULL,NULL,NULL,0,2
1765,FO-III-AS,FO-III-AS,NULL,NULL,NULL,CO,NULL,NULL,NULL,NULL,0,2
1766,FO-III-DRMB,FO-III-DRMB,NULL,NULL,NULL,CO,NULL,NULL,NULL,NULL,0,2
1767,I-FO-4PS,I-FO-4PS,NULL,NULL,NULL,CO,NULL,NULL,NULL,NULL,0,2
1768,I-FO-SLP,I-FO-SLP,NULL,NULL,NULL,CO,NULL,NULL,NULL,NULL,0,2
1769,OAS-MINAFF,OAS-MINAFF,NULL,NULL,NULL,CO,NULL,NULL,NULL,NULL,0,2
1770,STB-PILOT-IMPLEMENTATION,STB-PILOT-IMPLEMENTATION,NULL,NULL,NULL,CO,NULL,NULL,NULL,NULL,0,2
1771,4Ps-GAD,4Ps-GAD,NULL,NULL,NULL,CO,NULL,NULL,NULL,NULL,0,2
1772,OASSS,OASSS,NULL,NULL,NULL,CO,NULL,NULL,NULL,NULL,0,2
1773,ASx,ASx,NULL,NULL,NULL,CO,NULL,NULL,NULL,NULL,0,2
1774,III-FO-4PS,III-FO-4PS,NULL,NULL,NULL,CO,NULL,NULL,NULL,NULL,0,2
1782,III-FO-ORD-STU,FO Social Technology Unit,NULL,NULL,III-FO-ORD,3,NULL,NULL,NULL,NULL,0,2
1783,IX-FO-ORD-STU,FO Social Technology Unit,NULL,NULL,IX-FO-ORD,9,NULL,NULL,NULL,NULL,0,2
1784,VI-FO-ORD-STU,FO Social Technology Unit,NULL,NULL,VI-FO-ORD,6,NULL,NULL,NULL,NULL,0,2
1785,V-FO-ORD-STU,FO Social Technology Unit,NULL,NULL,NULL,5,NULL,NULL,NULL,NULL,0,2
